Date,date_human,Currency,oil_price
2015-01-02,Friday 2 January 2015,OIL/GBP,34.34040
2015-01-03,Saturday 3 January 2015,OIL/GBP,34.34040
2015-01-04,Sunday 4 January 2015,OIL/GBP,34.17140
2015-01-05,Monday 5 January 2015,OIL/GBP,32.82690
2015-01-06,Tuesday 6 January 2015,OIL/GBP,31.67860
2015-01-07,Wednesday 7 January 2015,OIL/GBP,32.15760
2015-01-08,Thursday 8 January 2015,OIL/GBP,32.69980
2015-01-09,Friday 9 January 2015,OIL/GBP,31.77730
2015-01-10,Saturday 10 January 2015,OIL/GBP,31.77730
2015-01-11,Sunday 11 January 2015,OIL/GBP,31.40600
2015-01-12,Monday 12 January 2015,OIL/GBP,30.15340
2015-01-13,Tuesday 13 January 2015,OIL/GBP,30.34950
2015-01-14,Wednesday 14 January 2015,OIL/GBP,32.45760
2015-01-15,Thursday 15 January 2015,OIL/GBP,30.73200
2015-01-16,Friday 16 January 2015,OIL/GBP,32.29940
2015-01-17,Saturday 17 January 2015,OIL/GBP,32.29940
2015-01-18,Sunday 18 January 2015,OIL/GBP,32.25610
2015-01-19,Monday 19 January 2015,OIL/GBP,31.66570
2015-01-20,Tuesday 20 January 2015,OIL/GBP,30.87200
2015-01-21,Wednesday 21 January 2015,OIL/GBP,31.22900
2015-01-22,Thursday 22 January 2015,OIL/GBP,31.53680
2015-01-23,Friday 23 January 2015,OIL/GBP,30.22750
2015-01-24,Saturday 24 January 2015,OIL/GBP,30.22750
2015-01-25,Sunday 25 January 2015,OIL/GBP,29.64730
2015-01-26,Monday 26 January 2015,OIL/GBP,29.93970
2015-01-27,Tuesday 27 January 2015,OIL/GBP,29.95190
2015-01-28,Wednesday 28 January 2015,OIL/GBP,29.36300
2015-01-29,Thursday 29 January 2015,OIL/GBP,29.56900
2015-01-30,Friday 30 January 2015,OIL/GBP,31.66090
2015-01-31,Saturday 31 January 2015,OIL/GBP,31.66090
2015-02-01,Sunday 1 February 2015,OIL/GBP,31.37840
2015-02-02,Monday 2 February 2015,OIL/GBP,33.52720
2015-02-03,Tuesday 3 February 2015,OIL/GBP,34.26080
2015-02-04,Wednesday 4 February 2015,OIL/GBP,32.03160
2015-02-05,Thursday 5 February 2015,OIL/GBP,33.47300
2015-02-06,Friday 6 February 2015,OIL/GBP,34.19970
2015-02-07,Saturday 7 February 2015,OIL/GBP,34.19970
2015-02-08,Sunday 8 February 2015,OIL/GBP,34.60060
2015-02-09,Monday 9 February 2015,OIL/GBP,34.49470
2015-02-10,Tuesday 10 February 2015,OIL/GBP,33.27240
2015-02-11,Wednesday 11 February 2015,OIL/GBP,32.31120
2015-02-12,Thursday 12 February 2015,OIL/GBP,33.29090
2015-02-13,Friday 13 February 2015,OIL/GBP,34.21220
2015-02-14,Saturday 14 February 2015,OIL/GBP,34.21220
2015-02-15,Sunday 15 February 2015,OIL/GBP,34.54300
2015-02-16,Monday 16 February 2015,OIL/GBP,34.39990
2015-02-17,Tuesday 17 February 2015,OIL/GBP,35.12710
2015-02-18,Wednesday 18 February 2015,OIL/GBP,33.19970
2015-02-19,Thursday 19 February 2015,OIL/GBP,33.69630
2015-02-20,Friday 20 February 2015,OIL/GBP,32.98540
2015-02-21,Saturday 21 February 2015,OIL/GBP,32.98540
2015-02-22,Sunday 22 February 2015,OIL/GBP,32.75340
2015-02-23,Monday 23 February 2015,OIL/GBP,31.95400
2015-02-24,Tuesday 24 February 2015,OIL/GBP,31.83790
2015-02-25,Wednesday 25 February 2015,OIL/GBP,32.78480
2015-02-26,Thursday 26 February 2015,OIL/GBP,31.70410
2015-02-27,Friday 27 February 2015,OIL/GBP,32.01840
2015-02-28,Saturday 28 February 2015,OIL/GBP,32.01840
2015-03-01,Sunday 1 March 2015,OIL/GBP,32.05470
2015-03-02,Monday 2 March 2015,OIL/GBP,32.43280
2015-03-03,Tuesday 3 March 2015,OIL/GBP,32.84720
2015-03-04,Wednesday 4 March 2015,OIL/GBP,33.84280
2015-03-05,Thursday 5 March 2015,OIL/GBP,33.42320
2015-03-06,Friday 6 March 2015,OIL/GBP,33.06800
2015-03-07,Saturday 7 March 2015,OIL/GBP,33.06800
2015-03-08,Sunday 8 March 2015,OIL/GBP,32.79340
2015-03-09,Monday 9 March 2015,OIL/GBP,33.04970
2015-03-10,Tuesday 10 March 2015,OIL/GBP,32.32480
2015-03-11,Wednesday 11 March 2015,OIL/GBP,32.39890
2015-03-12,Thursday 12 March 2015,OIL/GBP,31.60970
2015-03-13,Friday 13 March 2015,OIL/GBP,30.52140
2015-03-14,Saturday 14 March 2015,OIL/GBP,30.52140
2015-03-15,Sunday 15 March 2015,OIL/GBP,29.70160
2015-03-16,Monday 16 March 2015,OIL/GBP,29.55240
2015-03-17,Tuesday 17 March 2015,OIL/GBP,30.23120
2015-03-18,Wednesday 18 March 2015,OIL/GBP,31.15220
2015-03-19,Thursday 19 March 2015,OIL/GBP,30.90790
2015-03-20,Friday 20 March 2015,OIL/GBP,31.07990
2015-03-21,Saturday 21 March 2015,OIL/GBP,31.07990
2015-03-22,Sunday 22 March 2015,OIL/GBP,30.79220
2015-03-23,Monday 23 March 2015,OIL/GBP,31.68060
2015-03-24,Tuesday 24 March 2015,OIL/GBP,31.94350
2015-03-25,Wednesday 25 March 2015,OIL/GBP,32.86210
2015-03-26,Thursday 26 March 2015,OIL/GBP,34.39370
2015-03-27,Friday 27 March 2015,OIL/GBP,32.61150
2015-03-28,Saturday 28 March 2015,OIL/GBP,32.61150
2015-03-29,Sunday 29 March 2015,OIL/GBP,32.33740
2015-03-30,Monday 30 March 2015,OIL/GBP,32.80120
2015-03-31,Tuesday 31 March 2015,OIL/GBP,32.15970
2015-04-01,Wednesday 1 April 2015,OIL/GBP,33.38190
2015-04-02,Thursday 2 April 2015,OIL/GBP,33.38460
2015-04-03,Friday 3 April 2015,OIL/GBP,33.19440
2015-04-04,Saturday 4 April 2015,OIL/GBP,33.19440
2015-04-05,Sunday 5 April 2015,OIL/GBP,33.31590
2015-04-06,Monday 6 April 2015,OIL/GBP,34.85720
2015-04-07,Tuesday 7 April 2015,OIL/GBP,35.66560
2015-04-08,Wednesday 8 April 2015,OIL/GBP,34.22400
2015-04-09,Thursday 9 April 2015,OIL/GBP,34.46170
2015-04-10,Friday 10 April 2015,OIL/GBP,35.33860
2015-04-11,Saturday 11 April 2015,OIL/GBP,35.33860
2015-04-12,Sunday 12 April 2015,OIL/GBP,35.21770
2015-04-13,Monday 13 April 2015,OIL/GBP,35.40320
2015-04-14,Tuesday 14 April 2015,OIL/GBP,36.20330
2015-04-15,Wednesday 15 April 2015,OIL/GBP,37.80160
2015-04-16,Thursday 16 April 2015,OIL/GBP,37.90850
2015-04-17,Friday 17 April 2015,OIL/GBP,38.49880
2015-04-18,Saturday 18 April 2015,OIL/GBP,38.49880
2015-04-19,Sunday 19 April 2015,OIL/GBP,38.67890
2015-04-20,Monday 20 April 2015,OIL/GBP,38.77880
2015-04-21,Tuesday 21 April 2015,OIL/GBP,37.73410
2015-04-22,Wednesday 22 April 2015,OIL/GBP,37.43270
2015-04-23,Thursday 23 April 2015,OIL/GBP,38.25410
2015-04-24,Friday 24 April 2015,OIL/GBP,37.71830
2015-04-25,Saturday 25 April 2015,OIL/GBP,37.71830
2015-04-26,Sunday 26 April 2015,OIL/GBP,37.69990
2015-04-27,Monday 27 April 2015,OIL/GBP,37.20560
2015-04-28,Tuesday 28 April 2015,OIL/GBP,37.10790
2015-04-29,Wednesday 29 April 2015,OIL/GBP,37.96920
2015-04-30,Thursday 30 April 2015,OIL/GBP,38.95970
2015-05-01,Friday 1 May 2015,OIL/GBP,39.10410
2015-05-02,Saturday 2 May 2015,OIL/GBP,39.10410
2015-05-03,Sunday 3 May 2015,OIL/GBP,39.05270
2015-05-04,Monday 4 May 2015,OIL/GBP,39.02590
2015-05-05,Tuesday 5 May 2015,OIL/GBP,40.06420
2015-05-06,Wednesday 6 May 2015,OIL/GBP,39.63240
2015-05-07,Thursday 7 May 2015,OIL/GBP,38.35010
2015-05-08,Friday 8 May 2015,OIL/GBP,38.45660
2015-05-09,Saturday 9 May 2015,OIL/GBP,38.45660
2015-05-10,Sunday 10 May 2015,OIL/GBP,38.37710
2015-05-11,Monday 11 May 2015,OIL/GBP,38.07810
2015-05-12,Tuesday 12 May 2015,OIL/GBP,39.10960
2015-05-13,Wednesday 13 May 2015,OIL/GBP,38.16470
2015-05-14,Thursday 14 May 2015,OIL/GBP,38.46300
2015-05-15,Friday 15 May 2015,OIL/GBP,38.65080
2015-05-16,Saturday 16 May 2015,OIL/GBP,38.65080
2015-05-17,Sunday 17 May 2015,OIL/GBP,38.52340
2015-05-18,Monday 18 May 2015,OIL/GBP,38.50890
2015-05-19,Tuesday 19 May 2015,OIL/GBP,37.64460
2015-05-20,Wednesday 20 May 2015,OIL/GBP,37.79750
2015-05-21,Thursday 21 May 2015,OIL/GBP,38.78670
2015-05-22,Friday 22 May 2015,OIL/GBP,38.66710
2015-05-23,Saturday 23 May 2015,OIL/GBP,38.66710
2015-05-24,Sunday 24 May 2015,OIL/GBP,38.70320
2015-05-25,Monday 25 May 2015,OIL/GBP,38.70290
2015-05-26,Tuesday 26 May 2015,OIL/GBP,37.97210
2015-05-27,Wednesday 27 May 2015,OIL/GBP,37.59970
2015-05-28,Thursday 28 May 2015,OIL/GBP,37.98890
2015-05-29,Friday 29 May 2015,OIL/GBP,39.42760
2015-05-30,Saturday 30 May 2015,OIL/GBP,39.42760
2015-05-31,Sunday 31 May 2015,OIL/GBP,39.21380
2015-06-01,Monday 1 June 2015,OIL/GBP,39.59950
2015-06-02,Tuesday 2 June 2015,OIL/GBP,39.71750
2015-06-03,Wednesday 3 June 2015,OIL/GBP,38.92170
2015-06-04,Thursday 4 June 2015,OIL/GBP,37.73540
2015-06-05,Friday 5 June 2015,OIL/GBP,38.59650
2015-06-06,Saturday 6 June 2015,OIL/GBP,38.59650
2015-06-07,Sunday 7 June 2015,OIL/GBP,38.50310
2015-06-08,Monday 8 June 2015,OIL/GBP,37.98450
2015-06-09,Tuesday 9 June 2015,OIL/GBP,39.36530
2015-06-10,Wednesday 10 June 2015,OIL/GBP,39.37620
2015-06-11,Thursday 11 June 2015,OIL/GBP,39.03760
2015-06-12,Friday 12 June 2015,OIL/GBP,38.58070
2015-06-13,Saturday 13 June 2015,OIL/GBP,38.58070
2015-06-14,Sunday 14 June 2015,OIL/GBP,38.35900
2015-06-15,Monday 15 June 2015,OIL/GBP,38.19080
2015-06-16,Tuesday 16 June 2015,OIL/GBP,38.35630
2015-06-17,Wednesday 17 June 2015,OIL/GBP,38.00740
2015-06-18,Thursday 18 June 2015,OIL/GBP,38.32640
2015-06-19,Friday 19 June 2015,OIL/GBP,37.62130
2015-06-20,Saturday 20 June 2015,OIL/GBP,37.62130
2015-06-21,Sunday 21 June 2015,OIL/GBP,37.61310
2015-06-22,Monday 22 June 2015,OIL/GBP,38.01360
2015-06-23,Tuesday 23 June 2015,OIL/GBP,38.86650
2015-06-24,Wednesday 24 June 2015,OIL/GBP,38.33540
2015-06-25,Thursday 25 June 2015,OIL/GBP,37.88230
2015-06-26,Friday 26 June 2015,OIL/GBP,37.87090
2015-06-27,Saturday 27 June 2015,OIL/GBP,37.87090
2015-06-28,Sunday 28 June 2015,OIL/GBP,37.43250
2015-06-29,Monday 29 June 2015,OIL/GBP,37.05050
2015-06-30,Tuesday 30 June 2015,OIL/GBP,37.62140
2015-07-01,Wednesday 1 July 2015,OIL/GBP,36.49890
2015-07-02,Thursday 2 July 2015,OIL/GBP,36.23750
2015-07-03,Friday 3 July 2015,OIL/GBP,35.67160
2015-07-04,Saturday 4 July 2015,OIL/GBP,35.67160
2015-07-05,Sunday 5 July 2015,OIL/GBP,35.29230
2015-07-06,Monday 6 July 2015,OIL/GBP,33.89490
2015-07-07,Tuesday 7 July 2015,OIL/GBP,34.13970
2015-07-08,Wednesday 8 July 2015,OIL/GBP,33.78830
2015-07-09,Thursday 9 July 2015,OIL/GBP,34.35050
2015-07-10,Friday 10 July 2015,OIL/GBP,34.05930
2015-07-11,Saturday 11 July 2015,OIL/GBP,34.05930
2015-07-12,Sunday 12 July 2015,OIL/GBP,33.49250
2015-07-13,Monday 13 July 2015,OIL/GBP,33.56960
2015-07-14,Tuesday 14 July 2015,OIL/GBP,34.11980
2015-07-15,Wednesday 15 July 2015,OIL/GBP,33.04260
2015-07-16,Thursday 16 July 2015,OIL/GBP,32.87650
2015-07-17,Friday 17 July 2015,OIL/GBP,32.76770
2015-07-18,Saturday 18 July 2015,OIL/GBP,32.76770
2015-07-19,Sunday 19 July 2015,OIL/GBP,32.81940
2015-07-20,Monday 20 July 2015,OIL/GBP,32.32510
2015-07-21,Tuesday 21 July 2015,OIL/GBP,32.52090
2015-07-22,Wednesday 22 July 2015,OIL/GBP,31.53860
2015-07-23,Thursday 23 July 2015,OIL/GBP,31.40910
2015-07-24,Friday 24 July 2015,OIL/GBP,30.98280
2015-07-25,Saturday 25 July 2015,OIL/GBP,30.98280
2015-07-26,Sunday 26 July 2015,OIL/GBP,30.99440
2015-07-27,Monday 27 July 2015,OIL/GBP,30.25120
2015-07-28,Tuesday 28 July 2015,OIL/GBP,30.56510
2015-07-29,Wednesday 29 July 2015,OIL/GBP,31.37840
2015-07-30,Thursday 30 July 2015,OIL/GBP,31.12580
2015-07-31,Friday 31 July 2015,OIL/GBP,29.96250
2015-08-01,Saturday 1 August 2015,OIL/GBP,29.96250
2015-08-02,Sunday 2 August 2015,OIL/GBP,29.91520
2015-08-03,Monday 3 August 2015,OIL/GBP,29.12910
2015-08-04,Tuesday 4 August 2015,OIL/GBP,29.46880
2015-08-05,Wednesday 5 August 2015,OIL/GBP,28.96230
2015-08-06,Thursday 6 August 2015,OIL/GBP,28.86910
2015-08-07,Friday 7 August 2015,OIL/GBP,28.26530
2015-08-08,Saturday 8 August 2015,OIL/GBP,28.26530
2015-08-09,Sunday 9 August 2015,OIL/GBP,28.12110
2015-08-10,Monday 10 August 2015,OIL/GBP,28.74860
2015-08-11,Tuesday 11 August 2015,OIL/GBP,27.77120
2015-08-12,Wednesday 12 August 2015,OIL/GBP,27.78190
2015-08-13,Thursday 13 August 2015,OIL/GBP,26.87880
2015-08-14,Friday 14 August 2015,OIL/GBP,26.93250
2015-08-15,Saturday 15 August 2015,OIL/GBP,26.93250
2015-08-16,Sunday 16 August 2015,OIL/GBP,26.86790
2015-08-17,Monday 17 August 2015,OIL/GBP,27.20110
2015-08-18,Tuesday 18 August 2015,OIL/GBP,27.34140
2015-08-19,Wednesday 19 August 2015,OIL/GBP,26.19390
2015-08-20,Thursday 20 August 2015,OIL/GBP,26.18810
2015-08-21,Friday 21 August 2015,OIL/GBP,25.63880
2015-08-22,Saturday 22 August 2015,OIL/GBP,25.63880
2015-08-23,Sunday 23 August 2015,OIL/GBP,25.71280
2015-08-24,Monday 24 August 2015,OIL/GBP,24.35620
2015-08-25,Tuesday 25 August 2015,OIL/GBP,25.17310
2015-08-26,Wednesday 26 August 2015,OIL/GBP,25.25940
2015-08-27,Thursday 27 August 2015,OIL/GBP,27.67130
2015-08-28,Friday 28 August 2015,OIL/GBP,29.39800
2015-08-29,Saturday 29 August 2015,OIL/GBP,29.39800
2015-08-30,Sunday 30 August 2015,OIL/GBP,29.01440
2015-08-31,Monday 31 August 2015,OIL/GBP,31.10280
2015-09-01,Tuesday 1 September 2015,OIL/GBP,28.75960
2015-09-02,Wednesday 2 September 2015,OIL/GBP,30.14460
2015-09-03,Thursday 3 September 2015,OIL/GBP,30.59670
2015-09-04,Friday 4 September 2015,OIL/GBP,30.11060
2015-09-05,Saturday 5 September 2015,OIL/GBP,30.11060
2015-09-06,Sunday 6 September 2015,OIL/GBP,30.13020
2015-09-07,Monday 7 September 2015,OIL/GBP,29.12600
2015-09-08,Tuesday 8 September 2015,OIL/GBP,29.61500
2015-09-09,Wednesday 9 September 2015,OIL/GBP,28.76310
2015-09-10,Thursday 10 September 2015,OIL/GBP,29.49710
2015-09-11,Friday 11 September 2015,OIL/GBP,29.01980
2015-09-12,Saturday 12 September 2015,OIL/GBP,29.01980
2015-09-13,Sunday 13 September 2015,OIL/GBP,29.03940
2015-09-14,Monday 14 September 2015,OIL/GBP,28.63890
2015-09-15,Tuesday 15 September 2015,OIL/GBP,29.34180
2015-09-16,Wednesday 16 September 2015,OIL/GBP,30.60940
2015-09-17,Thursday 17 September 2015,OIL/GBP,30.26880
2015-09-18,Friday 18 September 2015,OIL/GBP,29.13840
2015-09-19,Saturday 19 September 2015,OIL/GBP,29.13840
2015-09-20,Sunday 20 September 2015,OIL/GBP,29.08790
2015-09-21,Monday 21 September 2015,OIL/GBP,30.01750
2015-09-22,Tuesday 22 September 2015,OIL/GBP,30.31140
2015-09-23,Wednesday 23 September 2015,OIL/GBP,29.30180
2015-09-24,Thursday 24 September 2015,OIL/GBP,29.55920
2015-09-25,Friday 25 September 2015,OIL/GBP,29.86710
2015-09-26,Saturday 26 September 2015,OIL/GBP,29.86710
2015-09-27,Sunday 27 September 2015,OIL/GBP,29.87990
2015-09-28,Monday 28 September 2015,OIL/GBP,29.35440
2015-09-29,Tuesday 29 September 2015,OIL/GBP,29.60930
2015-09-30,Wednesday 30 September 2015,OIL/GBP,29.93370
2015-10-01,Thursday 1 October 2015,OIL/GBP,29.83230
2015-10-02,Friday 2 October 2015,OIL/GBP,30.05660
2015-10-03,Saturday 3 October 2015,OIL/GBP,30.05660
2015-10-04,Sunday 4 October 2015,OIL/GBP,29.79700
2015-10-05,Monday 5 October 2015,OIL/GBP,30.53740
2015-10-06,Tuesday 6 October 2015,OIL/GBP,32.01760
2015-10-07,Wednesday 7 October 2015,OIL/GBP,31.55200
2015-10-08,Thursday 8 October 2015,OIL/GBP,32.31010
2015-10-09,Friday 9 October 2015,OIL/GBP,32.31480
2015-10-10,Saturday 10 October 2015,OIL/GBP,32.31480
2015-10-11,Sunday 11 October 2015,OIL/GBP,32.52040
2015-10-12,Monday 12 October 2015,OIL/GBP,31.01290
2015-10-13,Tuesday 13 October 2015,OIL/GBP,30.61120
2015-10-14,Wednesday 14 October 2015,OIL/GBP,29.92840
2015-10-15,Thursday 15 October 2015,OIL/GBP,30.64420
2015-10-16,Friday 16 October 2015,OIL/GBP,30.90270
2015-10-17,Saturday 17 October 2015,OIL/GBP,30.90270
2015-10-18,Sunday 18 October 2015,OIL/GBP,31.01600
2015-10-19,Monday 19 October 2015,OIL/GBP,30.07730
2015-10-20,Tuesday 20 October 2015,OIL/GBP,29.75440
2015-10-21,Wednesday 21 October 2015,OIL/GBP,29.30380
2015-10-22,Thursday 22 October 2015,OIL/GBP,29.47430
2015-10-23,Friday 23 October 2015,OIL/GBP,29.22160
2015-10-24,Saturday 24 October 2015,OIL/GBP,29.22160
2015-10-25,Sunday 25 October 2015,OIL/GBP,29.12620
2015-10-26,Monday 26 October 2015,OIL/GBP,28.57510
2015-10-27,Tuesday 27 October 2015,OIL/GBP,28.29990
2015-10-28,Wednesday 28 October 2015,OIL/GBP,30.13390
2015-10-29,Thursday 29 October 2015,OIL/GBP,29.86670
2015-10-30,Friday 30 October 2015,OIL/GBP,30.06960
2015-10-31,Saturday 31 October 2015,OIL/GBP,30.06960
2015-11-01,Sunday 1 November 2015,OIL/GBP,29.94800
2015-11-02,Monday 2 November 2015,OIL/GBP,30.04530
2015-11-03,Tuesday 3 November 2015,OIL/GBP,31.00210
2015-11-04,Wednesday 4 November 2015,OIL/GBP,30.21240
2015-11-05,Thursday 5 November 2015,OIL/GBP,29.87990
2015-11-06,Friday 6 November 2015,OIL/GBP,29.56700
2015-11-07,Saturday 7 November 2015,OIL/GBP,29.56700
2015-11-08,Sunday 8 November 2015,OIL/GBP,29.45380
2015-11-09,Monday 9 November 2015,OIL/GBP,29.19190
2015-11-10,Tuesday 10 November 2015,OIL/GBP,28.85430
2015-11-11,Wednesday 11 November 2015,OIL/GBP,28.31390
2015-11-12,Thursday 12 November 2015,OIL/GBP,27.34830
2015-11-13,Friday 13 November 2015,OIL/GBP,26.73550
2015-11-14,Saturday 14 November 2015,OIL/GBP,26.73550
2015-11-15,Sunday 15 November 2015,OIL/GBP,26.87660
2015-11-16,Monday 16 November 2015,OIL/GBP,27.53360
2015-11-17,Tuesday 17 November 2015,OIL/GBP,27.61750
2015-11-18,Wednesday 18 November 2015,OIL/GBP,27.67350
2015-11-19,Thursday 19 November 2015,OIL/GBP,27.43090
2015-11-20,Friday 20 November 2015,OIL/GBP,27.30150
2015-11-21,Saturday 21 November 2015,OIL/GBP,27.30150
2015-11-22,Sunday 22 November 2015,OIL/GBP,27.33300
2015-11-23,Monday 23 November 2015,OIL/GBP,27.83620
2015-11-24,Tuesday 24 November 2015,OIL/GBP,28.32580
2015-11-25,Wednesday 25 November 2015,OIL/GBP,28.48680
2015-11-26,Thursday 26 November 2015,OIL/GBP,28.20250
2015-11-27,Friday 27 November 2015,OIL/GBP,27.77910
2015-11-28,Saturday 28 November 2015,OIL/GBP,27.77910
2015-11-29,Sunday 29 November 2015,OIL/GBP,27.81510
2015-11-30,Monday 30 November 2015,OIL/GBP,27.67850
2015-12-01,Tuesday 1 December 2015,OIL/GBP,27.63240
2015-12-02,Wednesday 2 December 2015,OIL/GBP,26.87130
2015-12-03,Thursday 3 December 2015,OIL/GBP,27.31380
2015-12-04,Friday 4 December 2015,OIL/GBP,26.55360
2015-12-05,Saturday 5 December 2015,OIL/GBP,26.55360
2015-12-06,Sunday 6 December 2015,OIL/GBP,26.18800
2015-12-07,Monday 7 December 2015,OIL/GBP,25.09540
2015-12-08,Tuesday 8 December 2015,OIL/GBP,25.32250
2015-12-09,Wednesday 9 December 2015,OIL/GBP,24.63230
2015-12-10,Thursday 10 December 2015,OIL/GBP,24.15210
2015-12-11,Friday 11 December 2015,OIL/GBP,23.22950
2015-12-12,Saturday 12 December 2015,OIL/GBP,23.22950
2015-12-13,Sunday 13 December 2015,OIL/GBP,23.37740
2015-12-14,Monday 14 December 2015,OIL/GBP,23.87880
2015-12-15,Tuesday 15 December 2015,OIL/GBP,24.47060
2015-12-16,Wednesday 16 December 2015,OIL/GBP,24.65380
2015-12-17,Thursday 17 December 2015,OIL/GBP,24.18930
2015-12-18,Friday 18 December 2015,OIL/GBP,24.07590
2015-12-19,Saturday 19 December 2015,OIL/GBP,24.07590
2015-12-20,Sunday 20 December 2015,OIL/GBP,23.99160
2015-12-21,Monday 21 December 2015,OIL/GBP,24.07890
2015-12-22,Tuesday 22 December 2015,OIL/GBP,24.61130
2015-12-23,Wednesday 23 December 2015,OIL/GBP,25.43010
2015-12-24,Thursday 24 December 2015,OIL/GBP,25.53710
2015-12-25,Friday 25 December 2015,OIL/GBP,25.53710
2015-12-26,Saturday 26 December 2015,OIL/GBP,25.53710
2015-12-27,Sunday 27 December 2015,OIL/GBP,25.40220
2015-12-28,Monday 28 December 2015,OIL/GBP,24.66390
2015-12-29,Tuesday 29 December 2015,OIL/GBP,25.14350
2015-12-30,Wednesday 30 December 2015,OIL/GBP,24.78540
2015-12-31,Thursday 31 December 2015,OIL/GBP,25.40560
2016-01-01,Friday 1 January 2016,OIL/GBP,25.40560
2016-01-02,Saturday 2 January 2016,OIL/GBP,25.40560
2016-01-03,Sunday 3 January 2016,OIL/GBP,25.75130
2016-01-04,Monday 4 January 2016,OIL/GBP,25.06470
2016-01-05,Tuesday 5 January 2016,OIL/GBP,24.70900
2016-01-06,Wednesday 6 January 2016,OIL/GBP,23.39350
2016-01-07,Thursday 7 January 2016,OIL/GBP,22.77470
2016-01-08,Friday 8 January 2016,OIL/GBP,22.64010
2016-01-09,Saturday 9 January 2016,OIL/GBP,22.64010
2016-01-10,Sunday 10 January 2016,OIL/GBP,22.41160
2016-01-11,Monday 11 January 2016,OIL/GBP,21.53270
2016-01-12,Tuesday 12 January 2016,OIL/GBP,21.27030
2016-01-13,Wednesday 13 January 2016,OIL/GBP,21.34560
2016-01-14,Thursday 14 January 2016,OIL/GBP,22.20760
2016-01-15,Friday 15 January 2016,OIL/GBP,21.50800
2016-01-16,Saturday 16 January 2016,OIL/GBP,21.50800
2016-01-17,Sunday 17 January 2016,OIL/GBP,20.84090
2016-01-18,Monday 18 January 2016,OIL/GBP,21.07590
2016-01-19,Tuesday 19 January 2016,OIL/GBP,20.82980
2016-01-20,Wednesday 20 January 2016,OIL/GBP,20.12470
2016-01-21,Thursday 21 January 2016,OIL/GBP,20.97250
2016-01-22,Friday 22 January 2016,OIL/GBP,22.60780
2016-01-23,Saturday 23 January 2016,OIL/GBP,22.60780
2016-01-24,Sunday 24 January 2016,OIL/GBP,22.69670
2016-01-25,Monday 25 January 2016,OIL/GBP,20.90810
2016-01-26,Tuesday 26 January 2016,OIL/GBP,21.36750
2016-01-27,Wednesday 27 January 2016,OIL/GBP,22.51780
2016-01-28,Thursday 28 January 2016,OIL/GBP,23.35520
2016-01-29,Friday 29 January 2016,OIL/GBP,23.69920
2016-01-30,Saturday 30 January 2016,OIL/GBP,23.69920
2016-01-31,Sunday 31 January 2016,OIL/GBP,23.61380
2016-02-01,Monday 1 February 2016,OIL/GBP,21.70880
2016-02-02,Tuesday 2 February 2016,OIL/GBP,20.57980
2016-02-03,Wednesday 3 February 2016,OIL/GBP,22.26170
2016-02-04,Thursday 4 February 2016,OIL/GBP,21.65740
2016-02-05,Friday 5 February 2016,OIL/GBP,21.37450
2016-02-06,Saturday 6 February 2016,OIL/GBP,21.37450
2016-02-07,Sunday 7 February 2016,OIL/GBP,21.24590
2016-02-08,Monday 8 February 2016,OIL/GBP,20.90840
2016-02-09,Tuesday 9 February 2016,OIL/GBP,19.62530
2016-02-10,Wednesday 10 February 2016,OIL/GBP,18.83970
2016-02-11,Thursday 11 February 2016,OIL/GBP,18.85140
2016-02-12,Friday 12 February 2016,OIL/GBP,20.04970
2016-02-13,Saturday 13 February 2016,OIL/GBP,20.04970
2016-02-14,Sunday 14 February 2016,OIL/GBP,20.03250
2016-02-15,Monday 15 February 2016,OIL/GBP,21.18060
2016-02-16,Tuesday 16 February 2016,OIL/GBP,20.45450
2016-02-17,Wednesday 17 February 2016,OIL/GBP,23.60460
2016-02-18,Thursday 18 February 2016,OIL/GBP,22.77420
2016-02-19,Friday 19 February 2016,OIL/GBP,22.18110
2016-02-20,Saturday 20 February 2016,OIL/GBP,22.18110
2016-02-21,Sunday 21 February 2016,OIL/GBP,22.29970
2016-02-22,Monday 22 February 2016,OIL/GBP,23.51810
2016-02-23,Tuesday 23 February 2016,OIL/GBP,22.41380
2016-02-24,Wednesday 24 February 2016,OIL/GBP,23.12130
2016-02-25,Thursday 25 February 2016,OIL/GBP,23.68660
2016-02-26,Friday 26 February 2016,OIL/GBP,23.69260
2016-02-27,Saturday 27 February 2016,OIL/GBP,23.69260
2016-02-28,Sunday 28 February 2016,OIL/GBP,23.50690
2016-02-29,Monday 29 February 2016,OIL/GBP,24.23670
2016-03-01,Tuesday 1 March 2016,OIL/GBP,24.25760
2016-03-02,Wednesday 2 March 2016,OIL/GBP,24.60100
2016-03-03,Thursday 3 March 2016,OIL/GBP,24.50890
2016-03-04,Friday 4 March 2016,OIL/GBP,25.52210
2016-03-05,Saturday 5 March 2016,OIL/GBP,25.52210
2016-03-06,Sunday 6 March 2016,OIL/GBP,25.51560
2016-03-07,Monday 7 March 2016,OIL/GBP,26.56200
2016-03-08,Tuesday 8 March 2016,OIL/GBP,25.68890
2016-03-09,Wednesday 9 March 2016,OIL/GBP,26.91510
2016-03-10,Thursday 10 March 2016,OIL/GBP,26.62030
2016-03-11,Friday 11 March 2016,OIL/GBP,26.75940
2016-03-12,Saturday 12 March 2016,OIL/GBP,26.75940
2016-03-13,Sunday 13 March 2016,OIL/GBP,26.69520
2016-03-14,Monday 14 March 2016,OIL/GBP,26.12360
2016-03-15,Tuesday 15 March 2016,OIL/GBP,26.07770
2016-03-16,Wednesday 16 March 2016,OIL/GBP,28.30310
2016-03-17,Thursday 17 March 2016,OIL/GBP,28.70940
2016-03-18,Friday 18 March 2016,OIL/GBP,28.42090
2016-03-19,Saturday 19 March 2016,OIL/GBP,28.42090
2016-03-20,Sunday 20 March 2016,OIL/GBP,28.22930
2016-03-21,Monday 21 March 2016,OIL/GBP,28.92370
2016-03-22,Tuesday 22 March 2016,OIL/GBP,28.91460
2016-03-23,Wednesday 23 March 2016,OIL/GBP,28.03010
2016-03-24,Thursday 24 March 2016,OIL/GBP,27.99840
2016-03-25,Friday 25 March 2016,OIL/GBP,28.00240
2016-03-26,Saturday 26 March 2016,OIL/GBP,28.00240
2016-03-27,Sunday 27 March 2016,OIL/GBP,28.11390
2016-03-28,Monday 28 March 2016,OIL/GBP,27.66340
2016-03-29,Tuesday 29 March 2016,OIL/GBP,26.83950
2016-03-30,Wednesday 30 March 2016,OIL/GBP,26.47820
2016-03-31,Thursday 31 March 2016,OIL/GBP,26.64450
2016-04-01,Friday 1 April 2016,OIL/GBP,25.75990
2016-04-02,Saturday 2 April 2016,OIL/GBP,25.75990
2016-04-03,Sunday 3 April 2016,OIL/GBP,25.55470
2016-04-04,Monday 4 April 2016,OIL/GBP,24.86610
2016-04-05,Tuesday 5 April 2016,OIL/GBP,25.82930
2016-04-06,Wednesday 6 April 2016,OIL/GBP,26.76660
2016-04-07,Thursday 7 April 2016,OIL/GBP,26.75580
2016-04-08,Friday 8 April 2016,OIL/GBP,28.09070
2016-04-09,Saturday 9 April 2016,OIL/GBP,28.09070
2016-04-10,Sunday 10 April 2016,OIL/GBP,28.48900
2016-04-11,Monday 11 April 2016,OIL/GBP,28.25770
2016-04-12,Tuesday 12 April 2016,OIL/GBP,29.22060
2016-04-13,Wednesday 13 April 2016,OIL/GBP,29.32040
2016-04-14,Thursday 14 April 2016,OIL/GBP,29.25650
2016-04-15,Friday 15 April 2016,OIL/GBP,29.40930
2016-04-16,Saturday 16 April 2016,OIL/GBP,29.40930
2016-04-17,Sunday 17 April 2016,OIL/GBP,27.82660
2016-04-18,Monday 18 April 2016,OIL/GBP,29.01840
2016-04-19,Tuesday 19 April 2016,OIL/GBP,29.12930
2016-04-20,Wednesday 20 April 2016,OIL/GBP,30.60350
2016-04-21,Thursday 21 April 2016,OIL/GBP,30.30230
2016-04-22,Friday 22 April 2016,OIL/GBP,30.36340
2016-04-23,Saturday 23 April 2016,OIL/GBP,30.36340
2016-04-24,Sunday 24 April 2016,OIL/GBP,30.13140
2016-04-25,Monday 25 April 2016,OIL/GBP,29.67230
2016-04-26,Tuesday 26 April 2016,OIL/GBP,30.53970
2016-04-27,Wednesday 27 April 2016,OIL/GBP,31.07890
2016-04-28,Thursday 28 April 2016,OIL/GBP,31.26780
2016-04-29,Friday 29 April 2016,OIL/GBP,31.49030
2016-04-30,Saturday 30 April 2016,OIL/GBP,31.49030
2016-05-01,Sunday 1 May 2016,OIL/GBP,31.23720
2016-05-02,Monday 2 May 2016,OIL/GBP,30.57460
2016-05-03,Tuesday 3 May 2016,OIL/GBP,30.08500
2016-05-04,Wednesday 4 May 2016,OIL/GBP,30.58340
2016-05-05,Thursday 5 May 2016,OIL/GBP,30.68460
2016-05-06,Friday 6 May 2016,OIL/GBP,30.91110
2016-05-07,Saturday 7 May 2016,OIL/GBP,30.91110
2016-05-08,Sunday 8 May 2016,OIL/GBP,31.72950
2016-05-09,Monday 9 May 2016,OIL/GBP,30.06550
2016-05-10,Tuesday 10 May 2016,OIL/GBP,30.86090
2016-05-11,Wednesday 11 May 2016,OIL/GBP,31.82340
2016-05-12,Thursday 12 May 2016,OIL/GBP,32.10120
2016-05-13,Friday 13 May 2016,OIL/GBP,32.27960
2016-05-14,Saturday 14 May 2016,OIL/GBP,32.27960
2016-05-15,Sunday 15 May 2016,OIL/GBP,32.22850
2016-05-16,Monday 16 May 2016,OIL/GBP,33.20330
2016-05-17,Tuesday 17 May 2016,OIL/GBP,34.02390
2016-05-18,Wednesday 18 May 2016,OIL/GBP,33.23270
2016-05-19,Thursday 19 May 2016,OIL/GBP,33.46480
2016-05-20,Friday 20 May 2016,OIL/GBP,33.42710
2016-05-21,Saturday 21 May 2016,OIL/GBP,33.42710
2016-05-22,Sunday 22 May 2016,OIL/GBP,33.27010
2016-05-23,Monday 23 May 2016,OIL/GBP,33.20930
2016-05-24,Tuesday 24 May 2016,OIL/GBP,33.66190
2016-05-25,Wednesday 25 May 2016,OIL/GBP,33.75780
2016-05-26,Thursday 26 May 2016,OIL/GBP,33.64040
2016-05-27,Friday 27 May 2016,OIL/GBP,33.86800
2016-05-28,Saturday 28 May 2016,OIL/GBP,33.86800
2016-05-29,Sunday 29 May 2016,OIL/GBP,34.00060
2016-05-30,Monday 30 May 2016,OIL/GBP,33.81300
2016-05-31,Tuesday 31 May 2016,OIL/GBP,33.75170
2016-06-01,Wednesday 1 June 2016,OIL/GBP,33.94820
2016-06-02,Thursday 2 June 2016,OIL/GBP,34.02250
2016-06-03,Friday 3 June 2016,OIL/GBP,33.65470
2016-06-04,Saturday 4 June 2016,OIL/GBP,33.65470
2016-06-05,Sunday 5 June 2016,OIL/GBP,33.78010
2016-06-06,Monday 6 June 2016,OIL/GBP,34.32880
2016-06-07,Tuesday 7 June 2016,OIL/GBP,34.65290
2016-06-08,Wednesday 8 June 2016,OIL/GBP,35.50110
2016-06-09,Thursday 9 June 2016,OIL/GBP,34.92560
2016-06-10,Friday 10 June 2016,OIL/GBP,34.26950
2016-06-11,Saturday 11 June 2016,OIL/GBP,34.26950
2016-06-12,Sunday 12 June 2016,OIL/GBP,34.24800
2016-06-13,Monday 13 June 2016,OIL/GBP,34.16250
2016-06-14,Tuesday 14 June 2016,OIL/GBP,33.87970
2016-06-15,Wednesday 15 June 2016,OIL/GBP,33.54490
2016-06-16,Thursday 16 June 2016,OIL/GBP,32.81310
2016-06-17,Friday 17 June 2016,OIL/GBP,34.01060
2016-06-18,Saturday 18 June 2016,OIL/GBP,34.01060
2016-06-19,Sunday 19 June 2016,OIL/GBP,33.74250
2016-06-20,Monday 20 June 2016,OIL/GBP,33.99080
2016-06-21,Tuesday 21 June 2016,OIL/GBP,34.28560
2016-06-22,Wednesday 22 June 2016,OIL/GBP,33.38040
2016-06-23,Thursday 23 June 2016,OIL/GBP,33.66320
2016-06-24,Friday 24 June 2016,OIL/GBP,34.79330
2016-06-25,Saturday 25 June 2016,OIL/GBP,34.79330
2016-06-26,Sunday 26 June 2016,OIL/GBP,35.14730
2016-06-27,Monday 27 June 2016,OIL/GBP,35.33560
2016-06-28,Tuesday 28 June 2016,OIL/GBP,36.19160
2016-06-29,Wednesday 29 June 2016,OIL/GBP,36.75440
2016-06-30,Thursday 30 June 2016,OIL/GBP,36.37440
2016-07-01,Friday 1 July 2016,OIL/GBP,37.13430
2016-07-02,Saturday 2 July 2016,OIL/GBP,37.13430
2016-07-03,Sunday 3 July 2016,OIL/GBP,36.95130
2016-07-04,Monday 4 July 2016,OIL/GBP,36.58130
2016-07-05,Tuesday 5 July 2016,OIL/GBP,35.98200
2016-07-06,Wednesday 6 July 2016,OIL/GBP,37.10870
2016-07-07,Thursday 7 July 2016,OIL/GBP,35.11600
2016-07-08,Friday 8 July 2016,OIL/GBP,34.84360
2016-07-09,Saturday 9 July 2016,OIL/GBP,34.84360
2016-07-10,Sunday 10 July 2016,OIL/GBP,34.94080
2016-07-11,Monday 11 July 2016,OIL/GBP,34.35450
2016-07-12,Tuesday 12 July 2016,OIL/GBP,35.04230
2016-07-13,Wednesday 13 July 2016,OIL/GBP,34.41630
2016-07-14,Thursday 14 July 2016,OIL/GBP,34.04300
2016-07-15,Friday 15 July 2016,OIL/GBP,35.64570
2016-07-16,Saturday 16 July 2016,OIL/GBP,35.64570
2016-07-17,Sunday 17 July 2016,OIL/GBP,35.20560
2016-07-18,Monday 18 July 2016,OIL/GBP,34.62340
2016-07-19,Tuesday 19 July 2016,OIL/GBP,34.71120
2016-07-20,Wednesday 20 July 2016,OIL/GBP,34.51180
2016-07-21,Thursday 21 July 2016,OIL/GBP,33.77280
2016-07-22,Friday 22 July 2016,OIL/GBP,33.75540
2016-07-23,Saturday 23 July 2016,OIL/GBP,33.75540
2016-07-24,Sunday 24 July 2016,OIL/GBP,33.59080
2016-07-25,Monday 25 July 2016,OIL/GBP,32.98360
2016-07-26,Tuesday 26 July 2016,OIL/GBP,32.50340
2016-07-27,Wednesday 27 July 2016,OIL/GBP,31.79130
2016-07-28,Thursday 28 July 2016,OIL/GBP,31.16050
2016-07-29,Friday 29 July 2016,OIL/GBP,31.28640
2016-07-30,Saturday 30 July 2016,OIL/GBP,31.28640
2016-07-31,Sunday 31 July 2016,OIL/GBP,31.28710
2016-08-01,Monday 1 August 2016,OIL/GBP,30.43280
2016-08-02,Tuesday 2 August 2016,OIL/GBP,29.74510
2016-08-03,Wednesday 3 August 2016,OIL/GBP,30.86880
2016-08-04,Thursday 4 August 2016,OIL/GBP,31.85530
2016-08-05,Friday 5 August 2016,OIL/GBP,32.11030
2016-08-06,Saturday 6 August 2016,OIL/GBP,32.11030
2016-08-07,Sunday 7 August 2016,OIL/GBP,32.05170
2016-08-08,Monday 8 August 2016,OIL/GBP,32.87520
2016-08-09,Tuesday 9 August 2016,OIL/GBP,32.84430
2016-08-10,Wednesday 10 August 2016,OIL/GBP,31.87890
2016-08-11,Thursday 11 August 2016,OIL/GBP,33.65100
2016-08-12,Friday 12 August 2016,OIL/GBP,34.59890
2016-08-13,Saturday 13 August 2016,OIL/GBP,34.59890
2016-08-14,Sunday 14 August 2016,OIL/GBP,34.58090
2016-08-15,Monday 15 August 2016,OIL/GBP,35.40510
2016-08-16,Tuesday 16 August 2016,OIL/GBP,35.50080
2016-08-17,Wednesday 17 August 2016,OIL/GBP,36.45310
2016-08-18,Thursday 18 August 2016,OIL/GBP,37.17200
2016-08-19,Friday 19 August 2016,OIL/GBP,37.54080
2016-08-20,Saturday 20 August 2016,OIL/GBP,37.54080
2016-08-21,Sunday 21 August 2016,OIL/GBP,37.24540
2016-08-22,Monday 22 August 2016,OIL/GBP,36.08190
2016-08-23,Tuesday 23 August 2016,OIL/GBP,36.01600
2016-08-24,Wednesday 24 August 2016,OIL/GBP,35.36290
2016-08-25,Thursday 25 August 2016,OIL/GBP,35.89630
2016-08-26,Friday 26 August 2016,OIL/GBP,36.00490
2016-08-27,Saturday 27 August 2016,OIL/GBP,36.00490
2016-08-28,Sunday 28 August 2016,OIL/GBP,35.87210
2016-08-29,Monday 29 August 2016,OIL/GBP,35.91210
2016-08-30,Tuesday 30 August 2016,OIL/GBP,35.31740
2016-08-31,Wednesday 31 August 2016,OIL/GBP,34.13820
2016-09-01,Thursday 1 September 2016,OIL/GBP,32.80940
2016-09-02,Friday 2 September 2016,OIL/GBP,33.27090
2016-09-03,Saturday 3 September 2016,OIL/GBP,33.27090
2016-09-04,Sunday 4 September 2016,OIL/GBP,33.25330
2016-09-05,Monday 5 September 2016,OIL/GBP,33.89540
2016-09-06,Tuesday 6 September 2016,OIL/GBP,33.32460
2016-09-07,Wednesday 7 September 2016,OIL/GBP,34.58160
2016-09-08,Thursday 8 September 2016,OIL/GBP,35.57140
2016-09-09,Friday 9 September 2016,OIL/GBP,34.46160
2016-09-10,Saturday 10 September 2016,OIL/GBP,34.46160
2016-09-11,Sunday 11 September 2016,OIL/GBP,34.18070
2016-09-12,Monday 12 September 2016,OIL/GBP,34.50590
2016-09-13,Tuesday 13 September 2016,OIL/GBP,34.29630
2016-09-14,Wednesday 14 September 2016,OIL/GBP,32.99830
2016-09-15,Thursday 15 September 2016,OIL/GBP,33.36930
2016-09-16,Friday 16 September 2016,OIL/GBP,33.68860
2016-09-17,Saturday 17 September 2016,OIL/GBP,33.68860
2016-09-18,Sunday 18 September 2016,OIL/GBP,33.83210
2016-09-19,Monday 19 September 2016,OIL/GBP,33.60330
2016-09-20,Tuesday 20 September 2016,OIL/GBP,34.55330
2016-09-21,Wednesday 21 September 2016,OIL/GBP,34.98350
2016-09-22,Thursday 22 September 2016,OIL/GBP,35.11680
2016-09-23,Friday 23 September 2016,OIL/GBP,34.37030
2016-09-24,Saturday 24 September 2016,OIL/GBP,34.37030
2016-09-25,Sunday 25 September 2016,OIL/GBP,34.62330
2016-09-26,Monday 26 September 2016,OIL/GBP,35.22880
2016-09-27,Tuesday 27 September 2016,OIL/GBP,34.53320
2016-09-28,Wednesday 28 September 2016,OIL/GBP,36.20480
2016-09-29,Thursday 29 September 2016,OIL/GBP,36.84240
2016-09-30,Friday 30 September 2016,OIL/GBP,37.02590
2016-10-01,Saturday 1 October 2016,OIL/GBP,37.02590
2016-10-02,Sunday 2 October 2016,OIL/GBP,37.01000
2016-10-03,Monday 3 October 2016,OIL/GBP,37.96620
2016-10-04,Tuesday 4 October 2016,OIL/GBP,38.62980
2016-10-05,Wednesday 5 October 2016,OIL/GBP,38.94710
2016-10-06,Thursday 6 October 2016,OIL/GBP,40.06030
2016-10-07,Friday 7 October 2016,OIL/GBP,39.86570
2016-10-08,Saturday 8 October 2016,OIL/GBP,39.86570
2016-10-09,Sunday 9 October 2016,OIL/GBP,39.74410
2016-10-10,Monday 10 October 2016,OIL/GBP,41.46210
2016-10-11,Tuesday 11 October 2016,OIL/GBP,41.45740
2016-10-12,Wednesday 12 October 2016,OIL/GBP,40.87460
2016-10-13,Thursday 13 October 2016,OIL/GBP,41.34300
2016-10-14,Friday 14 October 2016,OIL/GBP,41.27330
2016-10-15,Saturday 15 October 2016,OIL/GBP,41.27330
2016-10-16,Sunday 16 October 2016,OIL/GBP,41.17140
2016-10-17,Monday 17 October 2016,OIL/GBP,41.46870
2016-10-18,Tuesday 18 October 2016,OIL/GBP,41.56370
2016-10-19,Wednesday 19 October 2016,OIL/GBP,42.10370
2016-10-20,Thursday 20 October 2016,OIL/GBP,41.31720
2016-10-21,Friday 21 October 2016,OIL/GBP,41.65100
2016-10-22,Saturday 22 October 2016,OIL/GBP,41.65100
2016-10-23,Sunday 23 October 2016,OIL/GBP,41.45770
2016-10-24,Monday 24 October 2016,OIL/GBP,41.28170
2016-10-25,Tuesday 25 October 2016,OIL/GBP,40.52270
2016-10-26,Wednesday 26 October 2016,OIL/GBP,40.24930
2016-10-27,Thursday 27 October 2016,OIL/GBP,40.82470
2016-10-28,Friday 28 October 2016,OIL/GBP,39.95400
2016-10-29,Saturday 29 October 2016,OIL/GBP,39.95400
2016-10-30,Sunday 30 October 2016,OIL/GBP,39.59950
2016-10-31,Monday 31 October 2016,OIL/GBP,38.30030
2016-11-01,Tuesday 1 November 2016,OIL/GBP,37.89830
2016-11-02,Wednesday 2 November 2016,OIL/GBP,37.12330
2016-11-03,Thursday 3 November 2016,OIL/GBP,35.89510
2016-11-04,Friday 4 November 2016,OIL/GBP,35.24280
2016-11-05,Saturday 5 November 2016,OIL/GBP,35.24280
2016-11-06,Sunday 6 November 2016,OIL/GBP,35.67310
2016-11-07,Monday 7 November 2016,OIL/GBP,36.17810
2016-11-08,Tuesday 8 November 2016,OIL/GBP,36.23480
2016-11-09,Wednesday 9 November 2016,OIL/GBP,36.45050
2016-11-10,Thursday 10 November 2016,OIL/GBP,35.38170
2016-11-11,Friday 11 November 2016,OIL/GBP,34.23690
2016-11-12,Saturday 12 November 2016,OIL/GBP,34.23690
2016-11-13,Sunday 13 November 2016,OIL/GBP,34.58240
2016-11-14,Monday 14 November 2016,OIL/GBP,34.89860
2016-11-15,Tuesday 15 November 2016,OIL/GBP,36.71030
2016-11-16,Wednesday 16 November 2016,OIL/GBP,36.96040
2016-11-17,Thursday 17 November 2016,OIL/GBP,36.77660
2016-11-18,Friday 18 November 2016,OIL/GBP,37.53740
2016-11-19,Saturday 19 November 2016,OIL/GBP,37.53740
2016-11-20,Sunday 20 November 2016,OIL/GBP,38.00460
2016-11-21,Monday 21 November 2016,OIL/GBP,38.94300
2016-11-22,Tuesday 22 November 2016,OIL/GBP,38.66810
2016-11-23,Wednesday 23 November 2016,OIL/GBP,38.64690
2016-11-24,Thursday 24 November 2016,OIL/GBP,38.52150
2016-11-25,Friday 25 November 2016,OIL/GBP,36.83730
2016-11-26,Saturday 26 November 2016,OIL/GBP,36.83730
2016-11-27,Sunday 27 November 2016,OIL/GBP,36.28940
2016-11-28,Monday 28 November 2016,OIL/GBP,37.74890
2016-11-29,Tuesday 29 November 2016,OIL/GBP,36.25410
2016-11-30,Wednesday 30 November 2016,OIL/GBP,39.29790
2016-12-01,Thursday 1 December 2016,OIL/GBP,40.68030
2016-12-02,Friday 2 December 2016,OIL/GBP,40.60570
2016-12-03,Saturday 3 December 2016,OIL/GBP,40.60570
2016-12-04,Sunday 4 December 2016,OIL/GBP,40.58080
2016-12-05,Monday 5 December 2016,OIL/GBP,40.24150
2016-12-06,Tuesday 6 December 2016,OIL/GBP,40.23630
2016-12-07,Wednesday 7 December 2016,OIL/GBP,39.55950
2016-12-08,Thursday 8 December 2016,OIL/GBP,40.56440
2016-12-09,Friday 9 December 2016,OIL/GBP,40.96010
2016-12-10,Saturday 10 December 2016,OIL/GBP,40.96010
2016-12-11,Sunday 11 December 2016,OIL/GBP,42.80060
2016-12-12,Monday 12 December 2016,OIL/GBP,41.49210
2016-12-13,Tuesday 13 December 2016,OIL/GBP,41.39910
2016-12-14,Wednesday 14 December 2016,OIL/GBP,40.55790
2016-12-15,Thursday 15 December 2016,OIL/GBP,41.99100
2016-12-16,Friday 16 December 2016,OIL/GBP,42.48890
2016-12-17,Saturday 17 December 2016,OIL/GBP,42.48890
2016-12-18,Sunday 18 December 2016,OIL/GBP,42.47970
2016-12-19,Monday 19 December 2016,OIL/GBP,42.85200
2016-12-20,Tuesday 20 December 2016,OIL/GBP,43.31420
2016-12-21,Wednesday 21 December 2016,OIL/GBP,42.54430
2016-12-22,Thursday 22 December 2016,OIL/GBP,42.92840
2016-12-23,Friday 23 December 2016,OIL/GBP,43.36490
2016-12-24,Saturday 24 December 2016,OIL/GBP,43.36490
2016-12-25,Sunday 25 December 2016,OIL/GBP,43.31410
2016-12-26,Monday 26 December 2016,OIL/GBP,43.32680
2016-12-27,Tuesday 27 December 2016,OIL/GBP,43.86810
2016-12-28,Wednesday 28 December 2016,OIL/GBP,43.85970
2016-12-29,Thursday 29 December 2016,OIL/GBP,43.92330
2016-12-30,Friday 30 December 2016,OIL/GBP,43.65700
2016-12-31,Saturday 31 December 2016,OIL/GBP,43.65700
2017-01-01,Sunday 1 January 2017,OIL/GBP,43.65700
2017-01-02,Monday 2 January 2017,OIL/GBP,44.00400
2017-01-03,Tuesday 3 January 2017,OIL/GBP,42.98130
2017-01-04,Wednesday 4 January 2017,OIL/GBP,43.26850
2017-01-05,Thursday 5 January 2017,OIL/GBP,43.27260
2017-01-06,Friday 6 January 2017,OIL/GBP,43.70320
2017-01-07,Saturday 7 January 2017,OIL/GBP,43.70320
2017-01-08,Sunday 8 January 2017,OIL/GBP,43.88000
2017-01-09,Monday 9 January 2017,OIL/GBP,42.68110
2017-01-10,Tuesday 10 January 2017,OIL/GBP,41.82480
2017-01-11,Wednesday 11 January 2017,OIL/GBP,42.77180
2017-01-12,Thursday 12 January 2017,OIL/GBP,43.58960
2017-01-13,Friday 13 January 2017,OIL/GBP,43.10960
2017-01-14,Saturday 14 January 2017,OIL/GBP,43.10960
2017-01-15,Sunday 15 January 2017,OIL/GBP,43.56660
2017-01-16,Monday 16 January 2017,OIL/GBP,43.61820
2017-01-17,Tuesday 17 January 2017,OIL/GBP,43.06150
2017-01-18,Wednesday 18 January 2017,OIL/GBP,42.60140
2017-01-19,Thursday 19 January 2017,OIL/GBP,42.37930
2017-01-20,Friday 20 January 2017,OIL/GBP,43.01920
2017-01-21,Saturday 21 January 2017,OIL/GBP,43.01920
2017-01-22,Sunday 22 January 2017,OIL/GBP,43.03370
2017-01-23,Monday 23 January 2017,OIL/GBP,42.24360
2017-01-24,Tuesday 24 January 2017,OIL/GBP,42.27840
2017-01-25,Wednesday 25 January 2017,OIL/GBP,41.96420
2017-01-26,Thursday 26 January 2017,OIL/GBP,42.66930
2017-01-27,Friday 27 January 2017,OIL/GBP,42.36960
2017-01-28,Saturday 28 January 2017,OIL/GBP,42.36960
2017-01-29,Sunday 29 January 2017,OIL/GBP,42.06480
2017-01-30,Monday 30 January 2017,OIL/GBP,42.10960
2017-01-31,Tuesday 31 January 2017,OIL/GBP,41.93280
2017-02-01,Wednesday 1 February 2017,OIL/GBP,42.29900
2017-02-02,Thursday 2 February 2017,OIL/GBP,43.01720
2017-02-03,Friday 3 February 2017,OIL/GBP,43.13630
2017-02-04,Saturday 4 February 2017,OIL/GBP,43.13630
2017-02-05,Sunday 5 February 2017,OIL/GBP,43.18970
2017-02-06,Monday 6 February 2017,OIL/GBP,42.65260
2017-02-07,Tuesday 7 February 2017,OIL/GBP,41.02780
2017-02-08,Wednesday 8 February 2017,OIL/GBP,41.89450
2017-02-09,Thursday 9 February 2017,OIL/GBP,42.45980
2017-02-10,Friday 10 February 2017,OIL/GBP,43.11340
2017-02-11,Saturday 11 February 2017,OIL/GBP,43.11340
2017-02-12,Sunday 12 February 2017,OIL/GBP,43.14060
2017-02-13,Monday 13 February 2017,OIL/GBP,42.32850
2017-02-14,Tuesday 14 February 2017,OIL/GBP,42.54850
2017-02-15,Wednesday 15 February 2017,OIL/GBP,42.92510
2017-02-16,Thursday 16 February 2017,OIL/GBP,43.06970
2017-02-17,Friday 17 February 2017,OIL/GBP,43.28260
2017-02-18,Saturday 18 February 2017,OIL/GBP,43.28260
2017-02-19,Sunday 19 February 2017,OIL/GBP,43.26300
2017-02-20,Monday 20 February 2017,OIL/GBP,43.26960
2017-02-21,Tuesday 21 February 2017,OIL/GBP,43.49860
2017-02-22,Wednesday 22 February 2017,OIL/GBP,43.36640
2017-02-23,Thursday 23 February 2017,OIL/GBP,43.30080
2017-02-24,Friday 24 February 2017,OIL/GBP,43.35450
2017-02-25,Saturday 25 February 2017,OIL/GBP,43.35450
2017-02-26,Sunday 26 February 2017,OIL/GBP,43.55100
2017-02-27,Monday 27 February 2017,OIL/GBP,43.46530
2017-02-28,Tuesday 28 February 2017,OIL/GBP,43.55850
2017-03-01,Wednesday 1 March 2017,OIL/GBP,43.77550
2017-03-02,Thursday 2 March 2017,OIL/GBP,42.92340
2017-03-03,Friday 3 March 2017,OIL/GBP,43.27710
2017-03-04,Saturday 4 March 2017,OIL/GBP,43.27710
2017-03-05,Sunday 5 March 2017,OIL/GBP,43.31690
2017-03-06,Monday 6 March 2017,OIL/GBP,43.42690
2017-03-07,Tuesday 7 March 2017,OIL/GBP,43.32600
2017-03-08,Wednesday 8 March 2017,OIL/GBP,41.36340
2017-03-09,Thursday 9 March 2017,OIL/GBP,40.76650
2017-03-09,Thursday 9 March 2017,OIL/GBP,40.78300
2017-03-10,Friday 10 March 2017,OIL/GBP,39.76560
2017-03-11,Saturday 11 March 2017,OIL/GBP,39.76560
2017-03-12,Sunday 12 March 2017,OIL/GBP,39.47430
2017-03-13,Monday 13 March 2017,OIL/GBP,39.61870
2017-03-14,Tuesday 14 March 2017,OIL/GBP,39.87410
2017-03-14,Tuesday 14 March 2017,OIL/GBP,39.86590
2017-03-15,Wednesday 15 March 2017,OIL/GBP,39.96340
2017-03-16,Thursday 16 March 2017,OIL/GBP,39.92990
2017-03-17,Friday 17 March 2017,OIL/GBP,39.71650
2017-03-18,Saturday 18 March 2017,OIL/GBP,39.71650
2017-03-19,Sunday 19 March 2017,OIL/GBP,39.70070
2017-03-20,Monday 20 March 2017,OIL/GBP,39.60020
2017-03-21,Tuesday 21 March 2017,OIL/GBP,38.53330
2017-03-22,Wednesday 22 March 2017,OIL/GBP,38.69990
2017-03-22,Wednesday 22 March 2017,OIL/GBP,38.68380
2017-03-23,Thursday 23 March 2017,OIL/GBP,38.17700
2017-03-24,Friday 24 March 2017,OIL/GBP,38.58920
2017-03-25,Saturday 25 March 2017,OIL/GBP,38.58920
2017-03-26,Sunday 26 March 2017,OIL/GBP,38.48640
2017-03-27,Monday 27 March 2017,OIL/GBP,38.09840
2017-03-28,Tuesday 28 March 2017,OIL/GBP,38.93890
2017-03-29,Wednesday 29 March 2017,OIL/GBP,39.84790
2017-03-29,Wednesday 29 March 2017,OIL/GBP,39.86000
2017-03-30,Thursday 30 March 2017,OIL/GBP,40.27810
2017-03-31,Friday 31 March 2017,OIL/GBP,40.49750
2017-04-01,Saturday 1 April 2017,OIL/GBP,40.49750
2017-04-02,Sunday 2 April 2017,OIL/GBP,40.32940
2017-04-02,Sunday 2 April 2017,OIL/GBP,40.32940
2017-04-03,Monday 3 April 2017,OIL/GBP,40.26670
2017-04-04,Tuesday 4 April 2017,OIL/GBP,41.09750
2017-04-05,Wednesday 5 April 2017,OIL/GBP,40.79970
2017-04-06,Thursday 6 April 2017,OIL/GBP,41.48780
2017-04-07,Friday 7 April 2017,OIL/GBP,42.27940
2017-04-08,Saturday 8 April 2017,OIL/GBP,42.27940
2017-04-09,Sunday 9 April 2017,OIL/GBP,42.43210
2017-04-10,Monday 10 April 2017,OIL/GBP,42.78680
2017-04-11,Tuesday 11 April 2017,OIL/GBP,42.97230
2017-04-12,Wednesday 12 April 2017,OIL/GBP,42.39910
2017-04-13,Thursday 13 April 2017,OIL/GBP,42.20600
2017-04-14,Friday 14 April 2017,OIL/GBP,42.31130
2017-04-15,Saturday 15 April 2017,OIL/GBP,42.25620
2017-04-16,Sunday 16 April 2017,OIL/GBP,42.29220
2017-04-17,Monday 17 April 2017,OIL/GBP,42.42780
2017-04-18,Tuesday 18 April 2017,OIL/GBP,41.99110
2017-04-19,Wednesday 19 April 2017,OIL/GBP,39.74820
2017-04-20,Thursday 20 April 2017,OIL/GBP,39.72240
2017-04-21,Friday 21 April 2017,OIL/GBP,38.76070
2017-04-22,Saturday 22 April 2017,OIL/GBP,38.74070
2017-04-23,Sunday 23 April 2017,OIL/GBP,38.87340
2017-04-24,Monday 24 April 2017,OIL/GBP,38.46630
2017-04-25,Tuesday 25 April 2017,OIL/GBP,38.57860
2017-04-26,Wednesday 26 April 2017,OIL/GBP,38.43940
2017-04-27,Thursday 27 April 2017,OIL/GBP,38.24340
2017-04-28,Friday 28 April 2017,OIL/GBP,38.13240
2017-04-29,Saturday 29 April 2017,OIL/GBP,37.98750
2017-04-30,Sunday 30 April 2017,OIL/GBP,37.96440
2017-05-01,Monday 1 May 2017,OIL/GBP,37.68950
2017-05-02,Tuesday 2 May 2017,OIL/GBP,37.27560
2017-05-03,Wednesday 3 May 2017,OIL/GBP,36.82160
2017-05-04,Thursday 4 May 2017,OIL/GBP,35.38070
2017-05-05,Friday 5 May 2017,OIL/GBP,35.98210
2017-05-06,Saturday 6 May 2017,OIL/GBP,35.81550
2017-05-07,Sunday 7 May 2017,OIL/GBP,35.81550
2017-05-08,Monday 8 May 2017,OIL/GBP,35.88810
2017-05-09,Tuesday 9 May 2017,OIL/GBP,35.64690
2017-05-10,Wednesday 10 May 2017,OIL/GBP,36.59470
2017-05-11,Thursday 11 May 2017,OIL/GBP,36.98100
2017-05-12,Friday 12 May 2017,OIL/GBP,37.12680
2017-05-13,Saturday 13 May 2017,OIL/GBP,37.12110
2017-05-14,Sunday 14 May 2017,OIL/GBP,37.05130
2017-05-15,Monday 15 May 2017,OIL/GBP,37.95090
2017-05-16,Tuesday 16 May 2017,OIL/GBP,37.41990
2017-05-17,Wednesday 17 May 2017,OIL/GBP,38.27750
2017-05-18,Thursday 18 May 2017,OIL/GBP,38.29400
2017-05-19,Friday 19 May 2017,OIL/GBP,39.30450
2017-05-20,Saturday 20 May 2017,OIL/GBP,39.02710
2017-05-21,Sunday 21 May 2017,OIL/GBP,39.21120
2017-05-22,Monday 22 May 2017,OIL/GBP,39.26310
2017-05-23,Tuesday 23 May 2017,OIL/GBP,39.57640
2017-05-24,Wednesday 24 May 2017,OIL/GBP,39.74560
2017-05-25,Thursday 25 May 2017,OIL/GBP,37.67690
2017-05-26,Friday 26 May 2017,OIL/GBP,38.53710
2017-05-27,Saturday 27 May 2017,OIL/GBP,38.94050
2017-05-28,Sunday 28 May 2017,OIL/GBP,38.97960
2017-05-29,Monday 29 May 2017,OIL/GBP,38.93470
2017-05-30,Tuesday 30 May 2017,OIL/GBP,38.64870
2017-05-31,Wednesday 31 May 2017,OIL/GBP,38.09670
2017-06-01,Thursday 1 June 2017,OIL/GBP,37.36780
2017-06-02,Friday 2 June 2017,OIL/GBP,37.07270
2017-06-03,Saturday 3 June 2017,OIL/GBP,37.04540
2017-06-04,Sunday 4 June 2017,OIL/GBP,36.98720
2017-06-05,Monday 5 June 2017,OIL/GBP,36.85920
2017-06-06,Tuesday 6 June 2017,OIL/GBP,37.19620
2017-06-07,Wednesday 7 June 2017,OIL/GBP,35.50340
2017-06-08,Thursday 8 June 2017,OIL/GBP,35.27250
2017-06-09,Friday 9 June 2017,OIL/GBP,35.88610
2017-06-10,Saturday 10 June 2017,OIL/GBP,36.06810
2017-06-11,Sunday 11 June 2017,OIL/GBP,36.08780
2017-06-12,Monday 12 June 2017,OIL/GBP,36.17590
2017-06-13,Tuesday 13 June 2017,OIL/GBP,36.30630
2017-06-14,Wednesday 14 June 2017,OIL/GBP,35.05740
2017-06-15,Thursday 15 June 2017,OIL/GBP,34.95110
2017-06-16,Friday 16 June 2017,OIL/GBP,35.22280
2017-06-17,Saturday 17 June 2017,OIL/GBP,35.14620
2017-06-18,Sunday 18 June 2017,OIL/GBP,35.09530
2017-06-19,Monday 19 June 2017,OIL/GBP,34.79090
2017-06-20,Tuesday 20 June 2017,OIL/GBP,34.09800
2017-06-21,Wednesday 21 June 2017,OIL/GBP,33.76490
2017-06-22,Thursday 22 June 2017,OIL/GBP,33.77440
2017-06-23,Friday 23 June 2017,OIL/GBP,34.00660
2017-06-24,Saturday 24 June 2017,OIL/GBP,33.90520
2017-06-25,Sunday 25 June 2017,OIL/GBP,33.97210
2017-06-26,Monday 26 June 2017,OIL/GBP,34.12350
2017-06-27,Tuesday 27 June 2017,OIL/GBP,34.43840
2017-06-28,Wednesday 28 June 2017,OIL/GBP,34.99210
2017-06-29,Thursday 29 June 2017,OIL/GBP,34.74230
2017-06-30,Friday 30 June 2017,OIL/GBP,35.61300
2017-07-01,Saturday 1 July 2017,OIL/GBP,35.57420
2017-07-02,Sunday 2 July 2017,OIL/GBP,35.53960
2017-07-03,Monday 3 July 2017,OIL/GBP,36.13540
2017-07-04,Tuesday 4 July 2017,OIL/GBP,36.41430
2017-07-05,Wednesday 5 July 2017,OIL/GBP,35.30760
2017-07-06,Thursday 6 July 2017,OIL/GBP,35.07100
2017-07-07,Friday 7 July 2017,OIL/GBP,34.18910
2017-07-08,Saturday 8 July 2017,OIL/GBP,34.38980
2017-07-09,Sunday 9 July 2017,OIL/GBP,34.45190
2017-07-10,Monday 10 July 2017,OIL/GBP,34.55030
2017-07-11,Tuesday 11 July 2017,OIL/GBP,35.58200
2017-07-12,Wednesday 12 July 2017,OIL/GBP,35.28050
2017-07-13,Thursday 13 July 2017,OIL/GBP,35.75700
2017-07-14,Friday 14 July 2017,OIL/GBP,36.07000
2017-07-15,Saturday 15 July 2017,OIL/GBP,35.63410
2017-07-16,Sunday 16 July 2017,OIL/GBP,35.61120
2017-07-17,Monday 17 July 2017,OIL/GBP,35.26260
2017-07-18,Tuesday 18 July 2017,OIL/GBP,35.60400
2017-07-19,Wednesday 19 July 2017,OIL/GBP,36.28600
2017-07-20,Thursday 20 July 2017,OIL/GBP,36.01290
2017-07-21,Friday 21 July 2017,OIL/GBP,35.15870
2017-07-22,Saturday 22 July 2017,OIL/GBP,35.07400
2017-07-23,Sunday 23 July 2017,OIL/GBP,35.19710
2017-07-24,Monday 24 July 2017,OIL/GBP,35.71020
2017-07-25,Tuesday 25 July 2017,OIL/GBP,37.18480
2017-07-26,Wednesday 26 July 2017,OIL/GBP,37.34100
2017-07-27,Thursday 27 July 2017,OIL/GBP,37.45990
2017-07-28,Friday 28 July 2017,OIL/GBP,38.07080
2017-07-29,Saturday 29 July 2017,OIL/GBP,37.88590
2017-07-30,Sunday 30 July 2017,OIL/GBP,38.02290
2017-07-31,Monday 31 July 2017,OIL/GBP,38.13710
2017-08-01,Tuesday 1 August 2017,OIL/GBP,36.94210
2017-08-02,Wednesday 2 August 2017,OIL/GBP,37.51590
2017-08-03,Thursday 3 August 2017,OIL/GBP,37.03020
2017-08-04,Friday 4 August 2017,OIL/GBP,37.68570
2017-08-05,Saturday 5 August 2017,OIL/GBP,37.97780
2017-08-06,Sunday 6 August 2017,OIL/GBP,38.03150
2017-08-07,Monday 7 August 2017,OIL/GBP,37.77050
2017-08-08,Tuesday 8 August 2017,OIL/GBP,37.63790
2017-08-09,Wednesday 9 August 2017,OIL/GBP,38.16910
2017-08-10,Thursday 10 August 2017,OIL/GBP,37.32350
2017-08-11,Friday 11 August 2017,OIL/GBP,37.61350
2017-08-12,Saturday 12 August 2017,OIL/GBP,37.50280
2017-08-13,Sunday 13 August 2017,OIL/GBP,37.49510
2017-08-14,Monday 14 August 2017,OIL/GBP,36.59590
2017-08-15,Tuesday 15 August 2017,OIL/GBP,36.79800
2017-08-16,Wednesday 16 August 2017,OIL/GBP,36.38120
2017-08-17,Thursday 17 August 2017,OIL/GBP,36.54370
2017-08-18,Friday 18 August 2017,OIL/GBP,37.95480
2017-08-19,Saturday 19 August 2017,OIL/GBP,37.94710
2017-08-20,Sunday 20 August 2017,OIL/GBP,37.87720
2017-08-21,Monday 21 August 2017,OIL/GBP,36.96500
2017-08-22,Tuesday 22 August 2017,OIL/GBP,37.00870
2017-08-23,Wednesday 23 August 2017,OIL/GBP,37.72520
2017-08-24,Thursday 24 August 2017,OIL/GBP,37.28090
2017-08-25,Friday 25 August 2017,OIL/GBP,37.35900
2017-08-26,Saturday 26 August 2017,OIL/GBP,37.12960
2017-08-27,Sunday 27 August 2017,OIL/GBP,37.18010
2017-08-28,Monday 28 August 2017,OIL/GBP,36.22070
2017-08-29,Tuesday 29 August 2017,OIL/GBP,35.75410
2017-08-30,Wednesday 30 August 2017,OIL/GBP,35.37460
2017-08-31,Thursday 31 August 2017,OIL/GBP,36.39610
2017-09-01,Friday 1 September 2017,OIL/GBP,36.53840
2017-09-02,Saturday 2 September 2017,OIL/GBP,36.53840
2017-09-03,Sunday 3 September 2017,OIL/GBP,36.58860
2017-09-04,Monday 4 September 2017,OIL/GBP,36.57030
2017-09-05,Tuesday 5 September 2017,OIL/GBP,37.60040
2017-09-06,Wednesday 6 September 2017,OIL/GBP,37.71390
2017-09-07,Thursday 7 September 2017,OIL/GBP,37.65350
2017-09-08,Friday 8 September 2017,OIL/GBP,36.25910
2017-09-09,Saturday 9 September 2017,OIL/GBP,35.98140
2017-09-10,Sunday 10 September 2017,OIL/GBP,36.12150
2017-09-11,Monday 11 September 2017,OIL/GBP,36.45960
2017-09-12,Tuesday 12 September 2017,OIL/GBP,36.66300
2017-09-13,Wednesday 13 September 2017,OIL/GBP,37.06610
2017-09-14,Thursday 14 September 2017,OIL/GBP,37.65410
2017-09-15,Friday 15 September 2017,OIL/GBP,37.63150
2017-09-16,Saturday 16 September 2017,OIL/GBP,37.10130
2017-09-17,Sunday 17 September 2017,OIL/GBP,37.00200
2017-09-18,Monday 18 September 2017,OIL/GBP,37.09140
2017-09-19,Tuesday 19 September 2017,OIL/GBP,37.19920
2017-09-20,Wednesday 20 September 2017,OIL/GBP,37.56120
2017-09-21,Thursday 21 September 2017,OIL/GBP,37.55670
2017-09-22,Friday 22 September 2017,OIL/GBP,37.32080
2017-09-23,Saturday 23 September 2017,OIL/GBP,37.46210
2017-09-24,Sunday 24 September 2017,OIL/GBP,37.56890
2017-09-25,Monday 25 September 2017,OIL/GBP,0.00000
2017-09-26,Tuesday 26 September 2017,OIL/GBP,38.66640
2017-09-27,Wednesday 27 September 2017,OIL/GBP,38.69620
2017-09-28,Thursday 28 September 2017,OIL/GBP,38.49510
2017-09-29,Friday 29 September 2017,OIL/GBP,38.40740
2017-09-30,Saturday 30 September 2017,OIL/GBP,38.51840
2017-10-01,Sunday 1 October 2017,OIL/GBP,38.56490
2017-10-02,Monday 2 October 2017,OIL/GBP,38.05170
2017-10-03,Tuesday 3 October 2017,OIL/GBP,37.78610
2017-10-04,Wednesday 4 October 2017,OIL/GBP,37.66730
2017-10-05,Thursday 5 October 2017,OIL/GBP,38.68820
2017-10-06,Friday 6 October 2017,OIL/GBP,37.65550
2017-10-07,Saturday 7 October 2017,OIL/GBP,37.65550
2017-10-08,Sunday 8 October 2017,OIL/GBP,37.77650
2017-10-09,Monday 9 October 2017,OIL/GBP,37.72690
2017-10-10,Tuesday 10 October 2017,OIL/GBP,38.53380
2017-10-11,Wednesday 11 October 2017,OIL/GBP,38.60720
2017-10-12,Thursday 12 October 2017,OIL/GBP,38.26420
2017-10-13,Friday 13 October 2017,OIL/GBP,38.70640
2017-10-14,Saturday 14 October 2017,OIL/GBP,38.70640
2017-10-15,Sunday 15 October 2017,OIL/GBP,39.02470
2017-10-16,Monday 16 October 2017,OIL/GBP,39.15770
2017-10-17,Tuesday 17 October 2017,OIL/GBP,39.61500
2017-10-18,Wednesday 18 October 2017,OIL/GBP,39.60700
2017-10-19,Thursday 19 October 2017,OIL/GBP,39.20880
2017-10-20,Friday 20 October 2017,OIL/GBP,39.48200
2017-10-21,Saturday 21 October 2017,OIL/GBP,39.48200
2017-10-22,Sunday 22 October 2017,OIL/GBP,39.53990
2017-10-23,Monday 23 October 2017,OIL/GBP,39.30000
2017-10-24,Tuesday 24 October 2017,OIL/GBP,39.98370
2017-10-25,Wednesday 25 October 2017,OIL/GBP,39.31880
2017-10-26,Thursday 26 October 2017,OIL/GBP,40.12620
2017-10-27,Friday 27 October 2017,OIL/GBP,41.25530
2017-10-28,Saturday 28 October 2017,OIL/GBP,41.25530
2017-10-29,Sunday 29 October 2017,OIL/GBP,41.16450
2017-10-30,Monday 30 October 2017,OIL/GBP,40.93580
2017-10-31,Tuesday 31 October 2017,OIL/GBP,41.06390
2017-11-01,Wednesday 1 November 2017,OIL/GBP,40.92960
2017-11-02,Thursday 2 November 2017,OIL/GBP,42.07300
2017-11-03,Friday 3 November 2017,OIL/GBP,42.60510
2017-11-04,Saturday 4 November 2017,OIL/GBP,42.60510
2017-11-05,Sunday 5 November 2017,OIL/GBP,42.68830
2017-11-06,Monday 6 November 2017,OIL/GBP,43.43980
2017-11-07,Tuesday 7 November 2017,OIL/GBP,43.28340
2017-11-08,Wednesday 8 November 2017,OIL/GBP,43.37300
2017-11-09,Thursday 9 November 2017,OIL/GBP,43.40000
2017-11-10,Friday 10 November 2017,OIL/GBP,43.43230
2017-11-13,Monday 13 November 2017,OIL/GBP,43.23550
2017-11-14,Tuesday 14 November 2017,OIL/GBP,41.84940
2017-11-15,Wednesday 15 November 2017,OIL/GBP,42.12980
2017-11-16,Thursday 16 November 2017,OIL/GBP,41.98770
2017-11-17,Friday 17 November 2017,OIL/GBP,42.95600
2017-11-18,Saturday 18 November 2017,OIL/GBP,42.95600
2017-11-19,Sunday 19 November 2017,OIL/GBP,42.95030
2017-11-20,Monday 20 November 2017,OIL/GBP,42.55970
2017-11-21,Tuesday 21 November 2017,OIL/GBP,43.09340
2017-11-22,Wednesday 22 November 2017,OIL/GBP,43.53430
2017-11-23,Thursday 23 November 2017,OIL/GBP,43.88490
2017-11-24,Friday 24 November 2017,OIL/GBP,44.22420
2017-11-25,Saturday 25 November 2017,OIL/GBP,44.20500
2017-11-26,Sunday 26 November 2017,OIL/GBP,44.18530
2017-11-27,Monday 27 November 2017,OIL/GBP,43.44840
2017-11-28,Tuesday 28 November 2017,OIL/GBP,43.17140
2017-11-29,Wednesday 29 November 2017,OIL/GBP,42.76500
2017-11-30,Thursday 30 November 2017,OIL/GBP,42.40550
2017-12-01,Friday 1 December 2017,OIL/GBP,43.28090
2017-12-02,Saturday 2 December 2017,OIL/GBP,43.28090
2017-12-03,Sunday 3 December 2017,OIL/GBP,43.14740
2017-12-04,Monday 4 December 2017,OIL/GBP,42.64560
2017-12-05,Tuesday 5 December 2017,OIL/GBP,42.83840
2017-12-06,Wednesday 6 December 2017,OIL/GBP,41.89290
2017-12-07,Thursday 7 December 2017,OIL/GBP,41.96520
2017-12-08,Friday 8 December 2017,OIL/GBP,42.82410
2017-12-09,Saturday 9 December 2017,OIL/GBP,42.80390
2017-12-10,Sunday 10 December 2017,OIL/GBP,42.69800
2017-12-11,Monday 11 December 2017,OIL/GBP,43.40280
2017-12-12,Tuesday 12 December 2017,OIL/GBP,43.13540
2017-12-13,Wednesday 13 December 2017,OIL/GBP,42.35020
2017-12-14,Thursday 14 December 2017,OIL/GBP,42.52970
2017-12-15,Friday 15 December 2017,OIL/GBP,43.07770
2017-12-16,Saturday 16 December 2017,OIL/GBP,43.07770
2017-12-17,Sunday 17 December 2017,OIL/GBP,43.12090
2017-12-18,Monday 18 December 2017,OIL/GBP,42.84700
2017-12-19,Tuesday 19 December 2017,OIL/GBP,43.09870
2017-12-20,Wednesday 20 December 2017,OIL/GBP,43.39880
2017-12-21,Thursday 21 December 2017,OIL/GBP,43.47910
2017-12-22,Friday 22 December 2017,OIL/GBP,43.68590
2017-12-23,Saturday 23 December 2017,OIL/GBP,43.67280
2017-12-24,Sunday 24 December 2017,OIL/GBP,43.65910
2017-12-25,Monday 25 December 2017,OIL/GBP,43.80190
2017-12-26,Tuesday 26 December 2017,OIL/GBP,44.72480
2017-12-27,Wednesday 27 December 2017,OIL/GBP,44.44240
2017-12-28,Thursday 28 December 2017,OIL/GBP,44.53180
2017-12-29,Friday 29 December 2017,OIL/GBP,44.51800
2017-12-30,Saturday 30 December 2017,OIL/GBP,44.51470
2017-12-31,Sunday 31 December 2017,OIL/GBP,44.52890
2018-01-01,Monday 1 January 2018,OIL/GBP,44.57690
2018-01-02,Tuesday 2 January 2018,OIL/GBP,44.42870
2018-01-03,Wednesday 3 January 2018,OIL/GBP,45.75700
2018-01-04,Thursday 4 January 2018,OIL/GBP,45.70950
2018-01-05,Friday 5 January 2018,OIL/GBP,45.36740
2018-01-06,Saturday 6 January 2018,OIL/GBP,45.36740
2018-01-07,Sunday 7 January 2018,OIL/GBP,45.41670
2018-01-08,Monday 8 January 2018,OIL/GBP,45.86250
2018-01-09,Tuesday 9 January 2018,OIL/GBP,46.81140
2018-01-10,Wednesday 10 January 2018,OIL/GBP,46.95990
2018-01-11,Thursday 11 January 2018,OIL/GBP,46.91560
2018-01-12,Friday 12 January 2018,OIL/GBP,46.89070
2018-01-13,Saturday 13 January 2018,OIL/GBP,46.89170
2018-01-14,Sunday 14 January 2018,OIL/GBP,46.80500
2018-01-15,Monday 15 January 2018,OIL/GBP,46.92740
2018-01-16,Tuesday 16 January 2018,OIL/GBP,46.29630
2018-01-17,Wednesday 17 January 2018,OIL/GBP,46.38210
2018-01-18,Thursday 18 January 2018,OIL/GBP,45.78600
2018-01-19,Friday 19 January 2018,OIL/GBP,45.76840
2018-01-20,Saturday 20 January 2018,OIL/GBP,45.76840
2018-01-21,Sunday 21 January 2018,OIL/GBP,45.66500
2018-01-22,Monday 22 January 2018,OIL/GBP,45.66750
2018-01-23,Tuesday 23 January 2018,OIL/GBP,46.01450
2018-01-24,Wednesday 24 January 2018,OIL/GBP,46.24920
2018-01-25,Thursday 25 January 2018,OIL/GBP,46.04030
2018-01-26,Friday 26 January 2018,OIL/GBP,46.77770
2018-01-27,Saturday 27 January 2018,OIL/GBP,46.77770
2018-01-28,Sunday 28 January 2018,OIL/GBP,46.82620
2018-01-29,Monday 29 January 2018,OIL/GBP,46.54870
2018-01-30,Tuesday 30 January 2018,OIL/GBP,45.08980
2018-01-31,Wednesday 31 January 2018,OIL/GBP,45.68050
2018-02-01,Thursday 1 February 2018,OIL/GBP,46.30820
2018-02-02,Friday 2 February 2018,OIL/GBP,46.08740
2018-02-03,Saturday 3 February 2018,OIL/GBP,46.07730
2018-02-04,Sunday 4 February 2018,OIL/GBP,46.08120
2018-02-05,Monday 5 February 2018,OIL/GBP,45.58690
2018-02-06,Tuesday 6 February 2018,OIL/GBP,45.76490
2018-02-07,Wednesday 7 February 2018,OIL/GBP,44.44640
2018-02-08,Thursday 8 February 2018,OIL/GBP,43.40600
2018-02-09,Friday 9 February 2018,OIL/GBP,42.73630
2018-02-10,Saturday 10 February 2018,OIL/GBP,42.73320
2018-02-11,Sunday 11 February 2018,OIL/GBP,42.95280
2018-02-12,Monday 12 February 2018,OIL/GBP,42.97860
2018-02-13,Tuesday 13 February 2018,OIL/GBP,42.46040
2018-02-14,Wednesday 14 February 2018,OIL/GBP,43.32050
2018-02-15,Thursday 15 February 2018,OIL/GBP,43.50150
2018-02-16,Friday 16 February 2018,OIL/GBP,43.86480
2018-02-17,Saturday 17 February 2018,OIL/GBP,43.88010
2018-02-18,Sunday 18 February 2018,OIL/GBP,43.96910
2018-02-19,Monday 19 February 2018,OIL/GBP,44.59910
2018-02-20,Tuesday 20 February 2018,OIL/GBP,44.04090
2018-02-21,Wednesday 21 February 2018,OIL/GBP,44.02440
2018-02-22,Thursday 22 February 2018,OIL/GBP,44.89980
2018-02-23,Friday 23 February 2018,OIL/GBP,45.53260
2018-02-24,Saturday 24 February 2018,OIL/GBP,45.52710
2018-02-25,Sunday 25 February 2018,OIL/GBP,45.51830
2018-02-26,Monday 26 February 2018,OIL/GBP,45.81230
2018-02-27,Tuesday 27 February 2018,OIL/GBP,45.17580
2018-02-28,Wednesday 28 February 2018,OIL/GBP,44.79580
2018-03-01,Thursday 1 March 2018,OIL/GBP,44.45630
2018-03-02,Friday 2 March 2018,OIL/GBP,44.56680
2018-03-03,Saturday 3 March 2018,OIL/GBP,44.57740
2018-03-04,Sunday 4 March 2018,OIL/GBP,44.65920
2018-03-05,Monday 5 March 2018,OIL/GBP,45.20190
2018-03-06,Tuesday 6 March 2018,OIL/GBP,44.63870
2018-03-07,Wednesday 7 March 2018,OIL/GBP,44.08940
2018-03-08,Thursday 8 March 2018,OIL/GBP,43.67750
2018-03-09,Friday 9 March 2018,OIL/GBP,44.84150
2018-03-10,Saturday 10 March 2018,OIL/GBP,44.84150
2018-03-11,Sunday 11 March 2018,OIL/GBP,44.86270
2018-03-12,Monday 12 March 2018,OIL/GBP,44.07590
2018-03-13,Tuesday 13 March 2018,OIL/GBP,43.58270
2018-03-14,Wednesday 14 March 2018,OIL/GBP,43.62340
2018-03-15,Thursday 15 March 2018,OIL/GBP,43.98730
2018-03-16,Friday 16 March 2018,OIL/GBP,44.68700
2018-03-17,Saturday 17 March 2018,OIL/GBP,44.68700
2018-03-18,Sunday 18 March 2018,OIL/GBP,44.60980
2018-03-19,Monday 19 March 2018,OIL/GBP,44.37500
2018-03-20,Tuesday 20 March 2018,OIL/GBP,45.53380
2018-03-21,Wednesday 21 March 2018,OIL/GBP,46.23560
2018-03-22,Thursday 22 March 2018,OIL/GBP,45.75510
2018-03-23,Friday 23 March 2018,OIL/GBP,46.50480
2018-03-24,Saturday 24 March 2018,OIL/GBP,46.49850
2018-03-25,Sunday 25 March 2018,OIL/GBP,46.54060
2018-03-26,Monday 26 March 2018,OIL/GBP,46.12040
2018-03-27,Tuesday 27 March 2018,OIL/GBP,45.75880
2018-03-28,Wednesday 28 March 2018,OIL/GBP,45.96890
2018-03-29,Thursday 29 March 2018,OIL/GBP,46.27340
2018-03-30,Friday 30 March 2018,OIL/GBP,46.32260
2018-03-31,Saturday 31 March 2018,OIL/GBP,46.32460
2018-04-01,Sunday 1 April 2018,OIL/GBP,46.35110
2018-04-02,Monday 2 April 2018,OIL/GBP,44.80610
2018-04-03,Tuesday 3 April 2018,OIL/GBP,45.20730
2018-04-04,Wednesday 4 April 2018,OIL/GBP,45.17250
2018-04-05,Thursday 5 April 2018,OIL/GBP,45.34650
2018-04-06,Friday 6 April 2018,OIL/GBP,43.96220
2018-04-07,Saturday 7 April 2018,OIL/GBP,43.94570
2018-04-08,Sunday 8 April 2018,OIL/GBP,44.09580
2018-04-09,Monday 9 April 2018,OIL/GBP,44.76370
2018-04-10,Tuesday 10 April 2018,OIL/GBP,46.27650
2018-04-11,Wednesday 11 April 2018,OIL/GBP,47.11250
2018-04-12,Thursday 12 April 2018,OIL/GBP,47.07420
2018-04-13,Friday 13 April 2018,OIL/GBP,47.32150
2018-04-14,Saturday 14 April 2018,OIL/GBP,47.32150
2018-04-15,Sunday 15 April 2018,OIL/GBP,47.17940
2018-04-16,Monday 16 April 2018,OIL/GBP,46.31770
2018-04-17,Tuesday 17 April 2018,OIL/GBP,46.58830
2018-04-18,Wednesday 18 April 2018,OIL/GBP,48.34250
2018-04-19,Thursday 19 April 2018,OIL/GBP,48.53670
2018-04-20,Friday 20 April 2018,OIL/GBP,48.62910
2018-04-21,Saturday 21 April 2018,OIL/GBP,48.63080
2018-04-22,Sunday 22 April 2018,OIL/GBP,48.76790
2018-04-23,Monday 23 April 2018,OIL/GBP,49.45550
2018-04-24,Tuesday 24 April 2018,OIL/GBP,48.53110
2018-04-25,Wednesday 25 April 2018,OIL/GBP,48.94350
2018-04-26,Thursday 26 April 2018,OIL/GBP,48.94740
2018-04-27,Friday 27 April 2018,OIL/GBP,49.32520
2018-04-28,Saturday 28 April 2018,OIL/GBP,49.32520
2018-04-29,Sunday 29 April 2018,OIL/GBP,49.39310
2018-04-30,Monday 30 April 2018,OIL/GBP,49.76110
2018-05-01,Tuesday 1 May 2018,OIL/GBP,49.55920
2018-05-02,Wednesday 2 May 2018,OIL/GBP,49.91790
2018-05-03,Thursday 3 May 2018,OIL/GBP,50.44580
2018-05-04,Friday 4 May 2018,OIL/GBP,51.57020
2018-05-05,Saturday 5 May 2018,OIL/GBP,51.57440
2018-05-06,Sunday 6 May 2018,OIL/GBP,51.56290
2018-05-07,Monday 7 May 2018,OIL/GBP,51.66300
2018-05-08,Tuesday 8 May 2018,OIL/GBP,51.70290
2018-05-09,Wednesday 9 May 2018,OIL/GBP,52.57930
2018-05-10,Thursday 10 May 2018,OIL/GBP,52.92180
2018-05-11,Friday 11 May 2018,OIL/GBP,52.04120
2018-05-12,Saturday 12 May 2018,OIL/GBP,52.04660
2018-05-13,Sunday 13 May 2018,OIL/GBP,52.15040
2018-05-14,Monday 14 May 2018,OIL/GBP,52.46370
2018-05-15,Tuesday 15 May 2018,OIL/GBP,52.56900
2018-05-16,Wednesday 16 May 2018,OIL/GBP,52.89360
2018-05-17,Thursday 17 May 2018,OIL/GBP,53.07440
2018-05-18,Friday 18 May 2018,OIL/GBP,53.05530
2018-05-19,Saturday 19 May 2018,OIL/GBP,53.06080
2018-05-20,Sunday 20 May 2018,OIL/GBP,53.25120
2018-05-21,Monday 21 May 2018,OIL/GBP,53.99760
2018-05-22,Tuesday 22 May 2018,OIL/GBP,53.71760
2018-05-23,Wednesday 23 May 2018,OIL/GBP,53.81050
2018-05-24,Thursday 24 May 2018,OIL/GBP,52.85940
2018-05-25,Friday 25 May 2018,OIL/GBP,50.69140
2018-05-26,Saturday 26 May 2018,OIL/GBP,50.68760
2018-05-27,Sunday 27 May 2018,OIL/GBP,50.57480
2018-05-28,Monday 28 May 2018,OIL/GBP,50.11270
2018-05-29,Tuesday 29 May 2018,OIL/GBP,50.43380
2018-05-30,Wednesday 30 May 2018,OIL/GBP,51.28290
2018-05-31,Thursday 31 May 2018,OIL/GBP,50.48720
2018-06-01,Friday 1 June 2018,OIL/GBP,49.21400
2018-06-02,Saturday 2 June 2018,OIL/GBP,49.22470
2018-06-03,Sunday 3 June 2018,OIL/GBP,49.18330
2018-06-04,Monday 4 June 2018,OIL/GBP,48.83940
2018-06-05,Tuesday 5 June 2018,OIL/GBP,48.89740
2018-06-06,Wednesday 6 June 2018,OIL/GBP,48.89000
2018-06-07,Thursday 7 June 2018,OIL/GBP,49.16180
2018-06-08,Friday 8 June 2018,OIL/GBP,48.91160
2018-06-09,Saturday 9 June 2018,OIL/GBP,48.88710
2018-06-10,Sunday 10 June 2018,OIL/GBP,48.90360
2018-06-11,Monday 11 June 2018,OIL/GBP,49.44380
2018-06-12,Tuesday 12 June 2018,OIL/GBP,49.24490
2018-06-13,Wednesday 13 June 2018,OIL/GBP,49.81650
2018-06-14,Thursday 14 June 2018,OIL/GBP,50.45820
2018-06-15,Friday 15 June 2018,OIL/GBP,48.29520
2018-06-16,Saturday 16 June 2018,OIL/GBP,48.29520
2018-06-17,Sunday 17 June 2018,OIL/GBP,48.28590
2018-06-18,Monday 18 June 2018,OIL/GBP,49.53200
2018-06-19,Tuesday 19 June 2018,OIL/GBP,49.37100
2018-06-20,Wednesday 20 June 2018,OIL/GBP,49.69670
2018-06-21,Thursday 21 June 2018,OIL/GBP,49.71610
2018-06-22,Friday 22 June 2018,OIL/GBP,52.22700
2018-06-23,Saturday 23 June 2018,OIL/GBP,52.22700
2018-06-24,Sunday 24 June 2018,OIL/GBP,52.21480
2018-06-25,Monday 25 June 2018,OIL/GBP,51.33910
2018-06-26,Tuesday 26 June 2018,OIL/GBP,53.40400
2018-06-27,Wednesday 27 June 2018,OIL/GBP,55.13550
2018-06-28,Thursday 28 June 2018,OIL/GBP,56.04880
2018-06-29,Friday 29 June 2018,OIL/GBP,56.27240
2018-06-30,Saturday 30 June 2018,OIL/GBP,56.27880
2018-07-01,Sunday 1 July 2018,OIL/GBP,55.67970
2018-07-02,Monday 2 July 2018,OIL/GBP,56.29710
2018-07-03,Tuesday 3 July 2018,OIL/GBP,56.54390
2018-07-04,Wednesday 4 July 2018,OIL/GBP,56.05490
2018-07-05,Thursday 5 July 2018,OIL/GBP,55.31180
2018-07-06,Friday 6 July 2018,OIL/GBP,55.62200
2018-07-07,Saturday 7 July 2018,OIL/GBP,55.61790
2018-07-08,Sunday 8 July 2018,OIL/GBP,55.58730
2018-07-09,Monday 9 July 2018,OIL/GBP,55.85620
2018-07-10,Tuesday 10 July 2018,OIL/GBP,55.83510
2018-07-11,Wednesday 11 July 2018,OIL/GBP,53.44840
2018-07-12,Thursday 12 July 2018,OIL/GBP,53.26740
2018-07-13,Friday 13 July 2018,OIL/GBP,53.34790
2018-07-14,Saturday 14 July 2018,OIL/GBP,53.34470
2018-07-15,Sunday 15 July 2018,OIL/GBP,53.47410
2018-07-16,Monday 16 July 2018,OIL/GBP,51.33790
2018-07-17,Tuesday 17 July 2018,OIL/GBP,50.98180
2018-07-18,Wednesday 18 July 2018,OIL/GBP,51.83560
2018-07-19,Thursday 19 July 2018,OIL/GBP,52.25420
2018-07-20,Friday 20 July 2018,OIL/GBP,51.88080
2018-07-21,Saturday 21 July 2018,OIL/GBP,51.88080
2018-07-22,Sunday 22 July 2018,OIL/GBP,51.97200
2018-07-23,Monday 23 July 2018,OIL/GBP,51.77430
2018-07-24,Tuesday 24 July 2018,OIL/GBP,52.25500
2018-07-25,Wednesday 25 July 2018,OIL/GBP,52.59870
2018-07-26,Thursday 26 July 2018,OIL/GBP,53.05780
2018-07-27,Friday 27 July 2018,OIL/GBP,52.67880
2018-07-28,Saturday 28 July 2018,OIL/GBP,52.67880
2018-07-29,Sunday 29 July 2018,OIL/GBP,52.59770
2018-07-30,Monday 30 July 2018,OIL/GBP,53.33060
2018-07-31,Tuesday 31 July 2018,OIL/GBP,52.10870
2018-08-01,Wednesday 1 August 2018,OIL/GBP,51.68470
2018-08-02,Thursday 2 August 2018,OIL/GBP,52.95530
2018-08-03,Friday 3 August 2018,OIL/GBP,52.78350
2018-08-04,Saturday 4 August 2018,OIL/GBP,52.78350
2018-08-05,Sunday 5 August 2018,OIL/GBP,52.71430
2018-08-06,Monday 6 August 2018,OIL/GBP,53.23800
2018-08-07,Tuesday 7 August 2018,OIL/GBP,53.43040
2018-08-08,Wednesday 8 August 2018,OIL/GBP,51.81810
2018-08-09,Thursday 9 August 2018,OIL/GBP,52.02400
2018-08-10,Friday 10 August 2018,OIL/GBP,53.06970
2018-08-11,Saturday 11 August 2018,OIL/GBP,53.06970
2018-08-12,Sunday 12 August 2018,OIL/GBP,53.18830
2018-08-13,Monday 13 August 2018,OIL/GBP,52.83220
2018-08-14,Tuesday 14 August 2018,OIL/GBP,52.47580
2018-08-15,Wednesday 15 August 2018,OIL/GBP,51.10890
2018-08-16,Thursday 16 August 2018,OIL/GBP,50.97530
2018-08-17,Friday 17 August 2018,OIL/GBP,51.13710
2018-08-18,Saturday 18 August 2018,OIL/GBP,51.13710
2018-08-19,Sunday 19 August 2018,OIL/GBP,51.12040
2018-08-20,Monday 20 August 2018,OIL/GBP,51.13020
2018-08-21,Tuesday 21 August 2018,OIL/GBP,51.17920
2018-08-22,Wednesday 22 August 2018,OIL/GBP,52.64280
2018-08-23,Thursday 23 August 2018,OIL/GBP,52.98430
2018-08-24,Friday 24 August 2018,OIL/GBP,53.34350
2018-08-25,Saturday 25 August 2018,OIL/GBP,53.34350
2018-08-26,Sunday 26 August 2018,OIL/GBP,53.40470
2018-08-27,Monday 27 August 2018,OIL/GBP,53.49010
2018-08-28,Tuesday 28 August 2018,OIL/GBP,53.27870
2018-08-29,Wednesday 29 August 2018,OIL/GBP,53.46490
2018-08-30,Thursday 30 August 2018,OIL/GBP,53.81980
2018-08-31,Friday 31 August 2018,OIL/GBP,53.93100
2018-09-01,Saturday 1 September 2018,OIL/GBP,53.93100
2018-09-02,Sunday 2 September 2018,OIL/GBP,54.11420
2018-09-03,Monday 3 September 2018,OIL/GBP,54.41800
2018-09-04,Tuesday 4 September 2018,OIL/GBP,53.97830
2018-09-05,Wednesday 5 September 2018,OIL/GBP,53.17160
2018-09-06,Thursday 6 September 2018,OIL/GBP,52.50390
2018-09-07,Friday 7 September 2018,OIL/GBP,52.52870
2018-09-08,Saturday 8 September 2018,OIL/GBP,52.51980
2018-09-09,Sunday 9 September 2018,OIL/GBP,52.66520
2018-09-10,Monday 10 September 2018,OIL/GBP,51.90120
2018-09-11,Tuesday 11 September 2018,OIL/GBP,53.64880
2018-09-12,Wednesday 12 September 2018,OIL/GBP,53.81010
2018-09-13,Thursday 13 September 2018,OIL/GBP,52.46280
2018-09-14,Friday 14 September 2018,OIL/GBP,52.78600
2018-09-15,Saturday 15 September 2018,OIL/GBP,52.78600
2018-09-16,Sunday 16 September 2018,OIL/GBP,52.66760
2018-09-17,Monday 17 September 2018,OIL/GBP,52.01180
2018-09-18,Tuesday 18 September 2018,OIL/GBP,52.82200
2018-09-19,Wednesday 19 September 2018,OIL/GBP,53.90340
2018-09-20,Thursday 20 September 2018,OIL/GBP,52.90350
2018-09-21,Friday 21 September 2018,OIL/GBP,54.09650
2018-09-22,Saturday 22 September 2018,OIL/GBP,54.09240
2018-09-23,Sunday 23 September 2018,OIL/GBP,54.65390
2018-09-24,Monday 24 September 2018,OIL/GBP,55.07140
2018-09-25,Tuesday 25 September 2018,OIL/GBP,54.57730
2018-09-26,Wednesday 26 September 2018,OIL/GBP,54.77440
2018-09-27,Thursday 27 September 2018,OIL/GBP,55.16510
2018-09-28,Friday 28 September 2018,OIL/GBP,56.43470
2018-09-29,Saturday 29 September 2018,OIL/GBP,56.43470
2018-09-30,Sunday 30 September 2018,OIL/GBP,56.33780
2018-10-01,Monday 1 October 2018,OIL/GBP,57.83920
2018-10-02,Tuesday 2 October 2018,OIL/GBP,57.89940
2018-10-03,Wednesday 3 October 2018,OIL/GBP,58.89920
2018-10-04,Thursday 4 October 2018,OIL/GBP,57.33650
2018-10-05,Friday 5 October 2018,OIL/GBP,56.63260
2018-10-06,Saturday 6 October 2018,OIL/GBP,56.63260
2018-10-07,Sunday 7 October 2018,OIL/GBP,56.29100
2018-10-08,Monday 8 October 2018,OIL/GBP,56.70930
2018-10-09,Tuesday 9 October 2018,OIL/GBP,56.83480
2018-10-10,Wednesday 10 October 2018,OIL/GBP,55.00650
2018-10-11,Thursday 11 October 2018,OIL/GBP,53.72130
2018-10-12,Friday 12 October 2018,OIL/GBP,54.35920
2018-10-13,Saturday 13 October 2018,OIL/GBP,54.35920
2018-10-14,Sunday 14 October 2018,OIL/GBP,55.12890
2018-10-15,Monday 15 October 2018,OIL/GBP,54.48290
2018-10-16,Tuesday 16 October 2018,OIL/GBP,54.77020
2018-10-17,Wednesday 17 October 2018,OIL/GBP,53.32720
2018-10-18,Thursday 18 October 2018,OIL/GBP,52.87190
2018-10-19,Friday 19 October 2018,OIL/GBP,53.19380
2018-10-20,Saturday 20 October 2018,OIL/GBP,53.19380
2018-10-21,Sunday 21 October 2018,OIL/GBP,53.05150
2018-10-22,Monday 22 October 2018,OIL/GBP,53.61690
2018-10-23,Tuesday 23 October 2018,OIL/GBP,51.03750
2018-10-24,Wednesday 24 October 2018,OIL/GBP,51.55240
2018-10-25,Thursday 25 October 2018,OIL/GBP,52.22790
2018-10-26,Friday 26 October 2018,OIL/GBP,52.67260
2018-10-27,Saturday 27 October 2018,OIL/GBP,52.68740
2018-10-28,Sunday 28 October 2018,OIL/GBP,52.75110
2018-10-29,Monday 29 October 2018,OIL/GBP,52.07470
2018-10-30,Tuesday 30 October 2018,OIL/GBP,52.27810
2018-10-31,Wednesday 31 October 2018,OIL/GBP,50.89460
2018-11-01,Thursday 1 November 2018,OIL/GBP,48.91700
2018-11-02,Friday 2 November 2018,OIL/GBP,48.46590
2018-11-03,Saturday 3 November 2018,OIL/GBP,48.46590
2018-11-04,Sunday 4 November 2018,OIL/GBP,48.42000
2018-11-05,Monday 5 November 2018,OIL/GBP,48.11250
2018-11-06,Tuesday 6 November 2018,OIL/GBP,47.14300
2018-11-07,Wednesday 7 November 2018,OIL/GBP,46.98080
2018-11-08,Thursday 8 November 2018,OIL/GBP,46.47740
2018-11-09,Friday 9 November 2018,OIL/GBP,46.13750
2018-11-10,Saturday 10 November 2018,OIL/GBP,46.12260
2018-11-11,Sunday 11 November 2018,OIL/GBP,46.98010
2018-11-12,Monday 12 November 2018,OIL/GBP,45.85050
2018-11-13,Tuesday 13 November 2018,OIL/GBP,42.78480
2018-11-14,Wednesday 14 November 2018,OIL/GBP,43.21260
2018-11-15,Thursday 15 November 2018,OIL/GBP,44.40870
2018-11-16,Friday 16 November 2018,OIL/GBP,44.43960
2018-11-17,Saturday 17 November 2018,OIL/GBP,44.43960
2018-11-18,Sunday 18 November 2018,OIL/GBP,44.64660
2018-11-19,Monday 19 November 2018,OIL/GBP,44.62880
2018-11-20,Tuesday 20 November 2018,OIL/GBP,41.84490
2018-11-21,Wednesday 21 November 2018,OIL/GBP,42.78200
2018-11-22,Thursday 22 November 2018,OIL/GBP,41.96850
2018-11-23,Friday 23 November 2018,OIL/GBP,39.32140
2018-11-24,Saturday 24 November 2018,OIL/GBP,39.31830
2018-11-25,Sunday 25 November 2018,OIL/GBP,39.48080
2018-11-26,Monday 26 November 2018,OIL/GBP,40.27610
2018-11-27,Tuesday 27 November 2018,OIL/GBP,40.86910
2018-11-28,Wednesday 28 November 2018,OIL/GBP,39.44780
2018-11-29,Thursday 29 November 2018,OIL/GBP,40.22770
2018-11-30,Friday 30 November 2018,OIL/GBP,39.74130
2018-12-01,Saturday 1 December 2018,OIL/GBP,39.74910
2018-12-02,Sunday 2 December 2018,OIL/GBP,41.05000
2018-12-03,Monday 3 December 2018,OIL/GBP,41.83790
2018-12-04,Tuesday 4 December 2018,OIL/GBP,41.50970
2018-12-05,Wednesday 5 December 2018,OIL/GBP,41.36130
2018-12-06,Thursday 6 December 2018,OIL/GBP,40.29060
2018-12-07,Friday 7 December 2018,OIL/GBP,40.97410
2018-12-08,Saturday 8 December 2018,OIL/GBP,40.97410
2018-12-09,Sunday 9 December 2018,OIL/GBP,41.20330
2018-12-10,Monday 10 December 2018,OIL/GBP,40.56730
2018-12-11,Tuesday 11 December 2018,OIL/GBP,41.65200
2018-12-12,Wednesday 12 December 2018,OIL/GBP,40.65080
2018-12-13,Thursday 13 December 2018,OIL/GBP,41.75850
2018-12-14,Friday 14 December 2018,OIL/GBP,40.89680
2018-12-15,Saturday 15 December 2018,OIL/GBP,40.89680
2018-12-16,Sunday 16 December 2018,OIL/GBP,40.98860
2018-12-17,Monday 17 December 2018,OIL/GBP,39.35490
2018-12-18,Tuesday 18 December 2018,OIL/GBP,36.87560
2018-12-19,Wednesday 19 December 2018,OIL/GBP,37.52770
2018-12-20,Thursday 20 December 2018,OIL/GBP,36.60800
2018-12-21,Friday 21 December 2018,OIL/GBP,35.93870
2018-12-22,Saturday 22 December 2018,OIL/GBP,35.94730
2018-12-23,Sunday 23 December 2018,OIL/GBP,36.05210
2018-12-24,Monday 24 December 2018,OIL/GBP,33.57960
2018-12-25,Tuesday 25 December 2018,OIL/GBP,34.00460
2018-12-26,Wednesday 26 December 2018,OIL/GBP,36.84880
2018-12-27,Thursday 27 December 2018,OIL/GBP,35.91560
2018-12-28,Friday 28 December 2018,OIL/GBP,35.54610
2018-12-29,Saturday 29 December 2018,OIL/GBP,35.54610
2018-12-30,Sunday 30 December 2018,OIL/GBP,35.84990
2018-12-31,Monday 31 December 2018,OIL/GBP,35.96010
2019-01-01,Tuesday 1 January 2019,OIL/GBP,35.98260
2019-01-02,Wednesday 2 January 2019,OIL/GBP,36.57020
2019-01-03,Thursday 3 January 2019,OIL/GBP,37.11890
2019-01-04,Friday 4 January 2019,OIL/GBP,37.95810
2019-01-05,Saturday 5 January 2019,OIL/GBP,37.97570
2019-01-06,Sunday 6 January 2019,OIL/GBP,38.15630
2019-01-07,Monday 7 January 2019,OIL/GBP,38.11590
2019-01-08,Tuesday 8 January 2019,OIL/GBP,39.25150
2019-01-09,Wednesday 9 January 2019,OIL/GBP,40.76380
2019-01-10,Thursday 10 January 2019,OIL/GBP,40.99760
2019-01-11,Friday 11 January 2019,OIL/GBP,40.24490
2019-01-12,Saturday 12 January 2019,OIL/GBP,40.25490
2019-01-13,Sunday 13 January 2019,OIL/GBP,40.32510
2019-01-14,Monday 14 January 2019,OIL/GBP,39.36970
2019-01-15,Tuesday 15 January 2019,OIL/GBP,40.31310
2019-01-16,Wednesday 16 January 2019,OIL/GBP,40.76100
2019-01-17,Thursday 17 January 2019,OIL/GBP,40.42070
2019-01-18,Friday 18 January 2019,OIL/GBP,41.91580
2019-01-19,Saturday 19 January 2019,OIL/GBP,41.91580
2019-01-20,Sunday 20 January 2019,OIL/GBP,41.71590
2019-01-21,Monday 21 January 2019,OIL/GBP,42.07130
2019-01-22,Tuesday 22 January 2019,OIL/GBP,40.81700
2019-01-23,Wednesday 23 January 2019,OIL/GBP,40.10080
2019-01-24,Thursday 24 January 2019,OIL/GBP,40.44730
2019-01-25,Friday 25 January 2019,OIL/GBP,40.59110
2019-01-26,Saturday 26 January 2019,OIL/GBP,40.56440
2019-01-27,Sunday 27 January 2019,OIL/GBP,40.34600
2019-01-28,Monday 28 January 2019,OIL/GBP,39.57150
2019-01-29,Tuesday 29 January 2019,OIL/GBP,40.76790
2019-01-30,Wednesday 30 January 2019,OIL/GBP,41.52760
2019-01-31,Thursday 31 January 2019,OIL/GBP,41.12240
2019-02-01,Friday 1 February 2019,OIL/GBP,42.31660
2019-02-02,Saturday 2 February 2019,OIL/GBP,42.31660
2019-02-03,Sunday 3 February 2019,OIL/GBP,42.22900
2019-02-04,Monday 4 February 2019,OIL/GBP,41.99750
2019-02-05,Tuesday 5 February 2019,OIL/GBP,41.50520
2019-02-06,Wednesday 6 February 2019,OIL/GBP,41.70920
2019-02-07,Thursday 7 February 2019,OIL/GBP,40.52800
2019-02-08,Friday 8 February 2019,OIL/GBP,40.72710
2019-02-09,Saturday 9 February 2019,OIL/GBP,40.71770
2019-02-10,Sunday 10 February 2019,OIL/GBP,40.57740
2019-02-11,Monday 11 February 2019,OIL/GBP,40.75830
2019-02-12,Tuesday 12 February 2019,OIL/GBP,41.47730
2019-02-13,Wednesday 13 February 2019,OIL/GBP,42.00190
2019-02-14,Thursday 14 February 2019,OIL/GBP,42.94810
2019-02-15,Friday 15 February 2019,OIL/GBP,43.59310
2019-02-16,Saturday 16 February 2019,OIL/GBP,43.60390
2019-02-17,Sunday 17 February 2019,OIL/GBP,43.62360
2019-02-18,Monday 18 February 2019,OIL/GBP,43.54810
2019-02-19,Tuesday 19 February 2019,OIL/GBP,43.11080
2019-02-20,Wednesday 20 February 2019,OIL/GBP,43.85000
2019-02-21,Thursday 21 February 2019,OIL/GBP,43.61810
2019-02-22,Friday 22 February 2019,OIL/GBP,43.72940
2019-02-23,Saturday 23 February 2019,OIL/GBP,43.73110
2019-02-24,Sunday 24 February 2019,OIL/GBP,43.89520
2019-02-25,Monday 25 February 2019,OIL/GBP,42.25850
2019-02-26,Tuesday 26 February 2019,OIL/GBP,42.25780
2019-02-27,Wednesday 27 February 2019,OIL/GBP,42.79530
2019-02-28,Thursday 28 February 2019,OIL/GBP,43.13060
2019-03-01,Friday 1 March 2019,OIL/GBP,42.22620
2019-03-02,Saturday 2 March 2019,OIL/GBP,42.23160
2019-03-03,Sunday 3 March 2019,OIL/GBP,42.31380
2019-03-04,Monday 4 March 2019,OIL/GBP,42.82480
2019-03-05,Tuesday 5 March 2019,OIL/GBP,42.68140
2019-03-06,Wednesday 6 March 2019,OIL/GBP,42.58150
2019-03-07,Thursday 7 March 2019,OIL/GBP,43.12570
2019-03-08,Friday 8 March 2019,OIL/GBP,43.05710
2019-03-09,Saturday 9 March 2019,OIL/GBP,43.04790
2019-03-10,Sunday 10 March 2019,OIL/GBP,43.24940
2019-03-11,Monday 11 March 2019,OIL/GBP,43.01900
2019-03-12,Tuesday 12 March 2019,OIL/GBP,43.76530
2019-03-13,Wednesday 13 March 2019,OIL/GBP,43.91020
2019-03-14,Thursday 14 March 2019,OIL/GBP,44.15400
2019-03-15,Friday 15 March 2019,OIL/GBP,44.09590
2019-03-16,Saturday 16 March 2019,OIL/GBP,44.09590
2019-03-17,Sunday 17 March 2019,OIL/GBP,44.18430
2019-03-18,Monday 18 March 2019,OIL/GBP,44.76990
2019-03-19,Tuesday 19 March 2019,OIL/GBP,44.63330
2019-03-20,Wednesday 20 March 2019,OIL/GBP,45.52440
2019-03-21,Thursday 21 March 2019,OIL/GBP,45.63730
2019-03-22,Friday 22 March 2019,OIL/GBP,44.62310
2019-03-23,Saturday 23 March 2019,OIL/GBP,44.63330
2019-03-24,Sunday 24 March 2019,OIL/GBP,44.51940
2019-03-25,Monday 25 March 2019,OIL/GBP,44.79310
2019-03-26,Tuesday 26 March 2019,OIL/GBP,45.31180
2019-03-27,Wednesday 27 March 2019,OIL/GBP,45.13790
2019-03-28,Thursday 28 March 2019,OIL/GBP,45.60050
2019-03-29,Friday 29 March 2019,OIL/GBP,46.15920
2019-03-30,Saturday 30 March 2019,OIL/GBP,46.15530
2019-03-31,Sunday 31 March 2019,OIL/GBP,46.35230
2019-04-01,Monday 1 April 2019,OIL/GBP,47.17930
2019-04-02,Tuesday 2 April 2019,OIL/GBP,47.60840
2019-04-03,Wednesday 3 April 2019,OIL/GBP,47.42620
2019-04-04,Thursday 4 April 2019,OIL/GBP,47.47790
2019-04-05,Friday 5 April 2019,OIL/GBP,48.53490
2019-04-06,Saturday 6 April 2019,OIL/GBP,48.53490
2019-04-07,Sunday 7 April 2019,OIL/GBP,48.64980
2019-04-08,Monday 8 April 2019,OIL/GBP,49.31970
2019-04-09,Tuesday 9 April 2019,OIL/GBP,49.14650
2019-04-10,Wednesday 10 April 2019,OIL/GBP,49.17500
2019-04-11,Thursday 11 April 2019,OIL/GBP,48.75820
2019-04-12,Friday 12 April 2019,OIL/GBP,48.76880
2019-04-13,Saturday 13 April 2019,OIL/GBP,48.76880
2019-04-14,Sunday 14 April 2019,OIL/GBP,48.60450
2019-04-15,Monday 15 April 2019,OIL/GBP,48.49470
2019-04-16,Tuesday 16 April 2019,OIL/GBP,49.42880
2019-04-17,Wednesday 17 April 2019,OIL/GBP,48.94910
2019-04-18,Thursday 18 April 2019,OIL/GBP,49.31480
2019-04-19,Friday 19 April 2019,OIL/GBP,49.28820
2019-04-20,Saturday 20 April 2019,OIL/GBP,49.28820
2019-04-21,Sunday 21 April 2019,OIL/GBP,49.49360
2019-04-22,Monday 22 April 2019,OIL/GBP,50.68050
2019-04-23,Tuesday 23 April 2019,OIL/GBP,51.12140
2019-04-24,Wednesday 24 April 2019,OIL/GBP,50.93710
2019-04-25,Thursday 25 April 2019,OIL/GBP,50.41430
2019-04-26,Friday 26 April 2019,OIL/GBP,48.63650
2019-04-27,Saturday 27 April 2019,OIL/GBP,48.64480
2019-04-28,Sunday 28 April 2019,OIL/GBP,48.68810
2019-04-29,Monday 29 April 2019,OIL/GBP,49.14820
2019-04-30,Tuesday 30 April 2019,OIL/GBP,48.69900
2019-05-01,Wednesday 1 May 2019,OIL/GBP,48.63860
2019-05-02,Thursday 2 May 2019,OIL/GBP,47.33130
2019-05-03,Friday 3 May 2019,OIL/GBP,46.95210
2019-05-04,Saturday 4 May 2019,OIL/GBP,46.95210
2019-05-05,Sunday 5 May 2019,OIL/GBP,46.13520
2019-05-06,Monday 6 May 2019,OIL/GBP,47.45740
2019-05-07,Tuesday 7 May 2019,OIL/GBP,47.13070
2019-05-08,Wednesday 8 May 2019,OIL/GBP,47.64480
2019-05-09,Thursday 9 May 2019,OIL/GBP,47.41760
2019-05-10,Friday 10 May 2019,OIL/GBP,47.48900
2019-05-11,Saturday 11 May 2019,OIL/GBP,47.48900
2019-05-12,Sunday 12 May 2019,OIL/GBP,47.17840
2019-05-13,Monday 13 May 2019,OIL/GBP,47.08420
2019-05-14,Tuesday 14 May 2019,OIL/GBP,47.47100
2019-05-15,Wednesday 15 May 2019,OIL/GBP,48.45150
2019-05-16,Thursday 16 May 2019,OIL/GBP,49.47640
2019-05-17,Friday 17 May 2019,OIL/GBP,49.45750
2019-05-18,Saturday 18 May 2019,OIL/GBP,49.45750
2019-05-19,Sunday 19 May 2019,OIL/GBP,49.91160
2019-05-20,Monday 20 May 2019,OIL/GBP,49.82320
2019-05-21,Tuesday 21 May 2019,OIL/GBP,49.55920
2019-05-22,Wednesday 22 May 2019,OIL/GBP,48.47800
2019-05-23,Thursday 23 May 2019,OIL/GBP,45.88930
2019-05-24,Friday 24 May 2019,OIL/GBP,46.40950
2019-05-25,Saturday 25 May 2019,OIL/GBP,46.41310
2019-05-26,Sunday 26 May 2019,OIL/GBP,46.23450
2019-05-27,Monday 27 May 2019,OIL/GBP,46.60510
2019-05-28,Tuesday 28 May 2019,OIL/GBP,46.57930
2019-05-29,Wednesday 29 May 2019,OIL/GBP,46.89570
2019-05-30,Thursday 30 May 2019,OIL/GBP,44.86630
2019-05-31,Friday 31 May 2019,OIL/GBP,42.22250
2019-06-01,Saturday 1 June 2019,OIL/GBP,42.22250
2019-06-02,Sunday 2 June 2019,OIL/GBP,41.45470
2019-06-03,Monday 3 June 2019,OIL/GBP,41.94860
2019-06-04,Tuesday 4 June 2019,OIL/GBP,41.72340
2019-06-05,Wednesday 5 June 2019,OIL/GBP,40.57890
2019-06-06,Thursday 6 June 2019,OIL/GBP,41.73750
2019-06-07,Friday 7 June 2019,OIL/GBP,42.43150
2019-06-08,Saturday 8 June 2019,OIL/GBP,42.43150
2019-06-09,Sunday 9 June 2019,OIL/GBP,42.89610
2019-06-10,Monday 10 June 2019,OIL/GBP,42.07490
2019-06-11,Tuesday 11 June 2019,OIL/GBP,41.53270
2019-06-12,Wednesday 12 June 2019,OIL/GBP,40.30810
2019-06-13,Thursday 13 June 2019,OIL/GBP,41.12380
2019-06-14,Friday 14 June 2019,OIL/GBP,41.71630
2019-06-15,Saturday 15 June 2019,OIL/GBP,41.72290
2019-06-16,Sunday 16 June 2019,OIL/GBP,41.79470
2019-06-17,Monday 17 June 2019,OIL/GBP,41.62480
2019-06-18,Tuesday 18 June 2019,OIL/GBP,43.17370
2019-06-19,Wednesday 19 June 2019,OIL/GBP,43.06020
2019-06-20,Thursday 20 June 2019,OIL/GBP,45.13580
2019-06-21,Friday 21 June 2019,OIL/GBP,45.19700
2019-06-22,Saturday 22 June 2019,OIL/GBP,45.19700
2019-06-23,Sunday 23 June 2019,OIL/GBP,45.29690
2019-06-24,Monday 24 June 2019,OIL/GBP,45.40280
2019-06-25,Tuesday 25 June 2019,OIL/GBP,46.29260
2019-06-26,Wednesday 26 June 2019,OIL/GBP,46.43900
2019-06-27,Thursday 27 June 2019,OIL/GBP,46.83220
2019-06-28,Friday 28 June 2019,OIL/GBP,45.82910
2019-06-29,Saturday 29 June 2019,OIL/GBP,45.82910
2019-06-30,Sunday 30 June 2019,OIL/GBP,46.76340
2019-07-01,Monday 1 July 2019,OIL/GBP,46.59010
2019-07-02,Tuesday 2 July 2019,OIL/GBP,44.92910
2019-07-03,Wednesday 3 July 2019,OIL/GBP,45.49180
2019-07-04,Thursday 4 July 2019,OIL/GBP,45.23600
2019-07-05,Friday 5 July 2019,OIL/GBP,46.10220
2019-07-06,Saturday 6 July 2019,OIL/GBP,46.09890
2019-07-07,Sunday 7 July 2019,OIL/GBP,46.10810
2019-07-08,Monday 8 July 2019,OIL/GBP,45.91390
2019-07-09,Tuesday 9 July 2019,OIL/GBP,46.92990
2019-07-10,Wednesday 10 July 2019,OIL/GBP,48.32310
2019-07-11,Thursday 11 July 2019,OIL/GBP,48.17560
2019-07-12,Friday 12 July 2019,OIL/GBP,48.02340
2019-07-13,Saturday 13 July 2019,OIL/GBP,48.02340
2019-07-14,Sunday 14 July 2019,OIL/GBP,47.89790
2019-07-15,Monday 15 July 2019,OIL/GBP,47.41310
2019-07-16,Tuesday 16 July 2019,OIL/GBP,46.42080
2019-07-17,Wednesday 17 July 2019,OIL/GBP,45.62450
2019-07-18,Thursday 18 July 2019,OIL/GBP,44.63000
2019-07-19,Friday 19 July 2019,OIL/GBP,44.69030
2019-07-20,Saturday 20 July 2019,OIL/GBP,44.68880
2019-07-21,Sunday 21 July 2019,OIL/GBP,44.99180
2019-07-22,Monday 22 July 2019,OIL/GBP,44.96310
2019-07-23,Tuesday 23 July 2019,OIL/GBP,45.91250
2019-07-24,Wednesday 24 July 2019,OIL/GBP,44.83580
2019-07-25,Thursday 25 July 2019,OIL/GBP,44.99720
2019-07-26,Friday 26 July 2019,OIL/GBP,45.37230
2019-07-27,Saturday 27 July 2019,OIL/GBP,45.37230
2019-07-28,Sunday 28 July 2019,OIL/GBP,45.28680
2019-07-29,Monday 29 July 2019,OIL/GBP,46.76290
2019-07-30,Tuesday 30 July 2019,OIL/GBP,47.83390
2019-07-31,Wednesday 31 July 2019,OIL/GBP,47.63180
2019-08-01,Thursday 1 August 2019,OIL/GBP,44.81600
2019-08-02,Friday 2 August 2019,OIL/GBP,45.39510
2019-08-03,Saturday 3 August 2019,OIL/GBP,45.39510
2019-08-04,Sunday 4 August 2019,OIL/GBP,45.52710
2019-08-05,Monday 5 August 2019,OIL/GBP,44.55280
2019-08-06,Tuesday 6 August 2019,OIL/GBP,43.87370
2019-08-07,Wednesday 7 August 2019,OIL/GBP,43.18100
2019-08-08,Thursday 8 August 2019,OIL/GBP,43.43870
2019-08-09,Friday 9 August 2019,OIL/GBP,45.06980
2019-08-10,Saturday 10 August 2019,OIL/GBP,45.06980
2019-08-11,Sunday 11 August 2019,OIL/GBP,45.16290
2019-08-12,Monday 12 August 2019,OIL/GBP,45.34390
2019-08-13,Tuesday 13 August 2019,OIL/GBP,47.02250
2019-08-14,Wednesday 14 August 2019,OIL/GBP,45.40290
2019-08-15,Thursday 15 August 2019,OIL/GBP,45.30640
2019-08-16,Friday 16 August 2019,OIL/GBP,45.17280
2019-08-17,Saturday 17 August 2019,OIL/GBP,45.17280
2019-08-18,Sunday 18 August 2019,OIL/GBP,45.24140
2019-08-19,Monday 19 August 2019,OIL/GBP,46.26380
2019-08-20,Tuesday 20 August 2019,OIL/GBP,46.15020
2019-08-21,Wednesday 21 August 2019,OIL/GBP,46.20550
2019-08-22,Thursday 22 August 2019,OIL/GBP,45.24600
2019-08-23,Friday 23 August 2019,OIL/GBP,43.94850
2019-08-24,Saturday 24 August 2019,OIL/GBP,43.95210
2019-08-25,Sunday 25 August 2019,OIL/GBP,43.28990
2019-08-26,Monday 26 August 2019,OIL/GBP,44.10250
2019-08-27,Tuesday 27 August 2019,OIL/GBP,45.22030
2019-08-28,Wednesday 28 August 2019,OIL/GBP,45.72540
2019-08-29,Thursday 29 August 2019,OIL/GBP,46.45330
2019-08-30,Friday 30 August 2019,OIL/GBP,45.36150
2019-08-31,Saturday 31 August 2019,OIL/GBP,45.36150
2019-09-01,Sunday 1 September 2019,OIL/GBP,45.12340
2019-09-02,Monday 2 September 2019,OIL/GBP,45.36980
2019-09-03,Tuesday 3 September 2019,OIL/GBP,44.69680
2019-09-04,Wednesday 4 September 2019,OIL/GBP,45.77590
2019-09-05,Thursday 5 September 2019,OIL/GBP,45.65620
2019-09-06,Friday 6 September 2019,OIL/GBP,46.17170
2019-09-07,Saturday 7 September 2019,OIL/GBP,46.16760
2019-09-08,Sunday 8 September 2019,OIL/GBP,46.30930
2019-09-09,Monday 9 September 2019,OIL/GBP,47.06510
2019-09-10,Tuesday 10 September 2019,OIL/GBP,46.83960
2019-09-11,Wednesday 11 September 2019,OIL/GBP,45.38260
2019-09-12,Thursday 12 September 2019,OIL/GBP,44.79750
2019-09-13,Friday 13 September 2019,OIL/GBP,43.83850
2019-09-14,Saturday 14 September 2019,OIL/GBP,43.83500
2019-09-15,Sunday 15 September 2019,OIL/GBP,48.93340
2019-09-16,Monday 16 September 2019,OIL/GBP,49.88050
2019-09-17,Tuesday 17 September 2019,OIL/GBP,46.92870
2019-09-18,Wednesday 18 September 2019,OIL/GBP,46.56800
2019-09-19,Thursday 19 September 2019,OIL/GBP,46.92140
2019-09-20,Friday 20 September 2019,OIL/GBP,46.81980
2019-09-21,Saturday 21 September 2019,OIL/GBP,46.81980
2019-09-22,Sunday 22 September 2019,OIL/GBP,47.10080
2019-09-23,Monday 23 September 2019,OIL/GBP,46.88910
2019-09-24,Tuesday 24 September 2019,OIL/GBP,45.50730
2019-09-25,Wednesday 25 September 2019,OIL/GBP,45.84920
2019-09-26,Thursday 26 September 2019,OIL/GBP,45.71230
2019-09-27,Friday 27 September 2019,OIL/GBP,45.71200
2019-09-28,Saturday 28 September 2019,OIL/GBP,45.71080
2019-09-29,Sunday 29 September 2019,OIL/GBP,45.64240
2019-09-30,Monday 30 September 2019,OIL/GBP,44.16410
2019-10-01,Tuesday 1 October 2019,OIL/GBP,43.98370
2019-10-02,Wednesday 2 October 2019,OIL/GBP,42.76470
2019-10-03,Thursday 3 October 2019,OIL/GBP,42.45810
2019-10-04,Friday 4 October 2019,OIL/GBP,42.97410
2019-10-05,Saturday 5 October 2019,OIL/GBP,42.96720
2019-10-06,Sunday 6 October 2019,OIL/GBP,42.76720
2019-10-07,Monday 7 October 2019,OIL/GBP,43.04320
2019-10-08,Tuesday 8 October 2019,OIL/GBP,42.85180
2019-10-09,Wednesday 9 October 2019,OIL/GBP,42.39340
2019-10-10,Thursday 10 October 2019,OIL/GBP,43.39770
2019-10-11,Friday 11 October 2019,OIL/GBP,43.40850
2019-10-12,Saturday 12 October 2019,OIL/GBP,43.40850
2019-10-13,Sunday 13 October 2019,OIL/GBP,43.30640
2019-10-14,Monday 14 October 2019,OIL/GBP,42.43290
2019-10-15,Tuesday 15 October 2019,OIL/GBP,41.48650
2019-10-16,Wednesday 16 October 2019,OIL/GBP,41.25380
2019-10-17,Thursday 17 October 2019,OIL/GBP,42.00930
2019-10-18,Friday 18 October 2019,OIL/GBP,41.46090
2019-10-19,Saturday 19 October 2019,OIL/GBP,41.46090
2019-10-20,Sunday 20 October 2019,OIL/GBP,41.62820
2019-10-21,Monday 21 October 2019,OIL/GBP,41.28970
2019-10-22,Tuesday 22 October 2019,OIL/GBP,42.07210
2019-10-23,Wednesday 23 October 2019,OIL/GBP,43.15690
2019-10-24,Thursday 24 October 2019,OIL/GBP,43.68600
2019-10-25,Friday 25 October 2019,OIL/GBP,44.17280
2019-10-26,Saturday 26 October 2019,OIL/GBP,44.16080
2019-10-27,Sunday 27 October 2019,OIL/GBP,44.20820
2019-10-28,Monday 28 October 2019,OIL/GBP,43.43750
2019-10-29,Tuesday 29 October 2019,OIL/GBP,43.14690
2019-10-30,Wednesday 30 October 2019,OIL/GBP,42.56200
2019-10-31,Thursday 31 October 2019,OIL/GBP,41.81100
2019-11-01,Friday 1 November 2019,OIL/GBP,43.43740
2019-11-02,Saturday 2 November 2019,OIL/GBP,43.43610
2019-11-03,Sunday 3 November 2019,OIL/GBP,43.44650
2019-11-04,Monday 4 November 2019,OIL/GBP,43.90150
2019-11-05,Tuesday 5 November 2019,OIL/GBP,44.31510
2019-11-06,Wednesday 6 November 2019,OIL/GBP,43.82070
2019-11-07,Thursday 7 November 2019,OIL/GBP,44.43210
2019-11-08,Friday 8 November 2019,OIL/GBP,44.97060
2019-11-09,Saturday 9 November 2019,OIL/GBP,44.97060
2019-11-10,Sunday 10 November 2019,OIL/GBP,44.64740
2019-11-11,Monday 11 November 2019,OIL/GBP,44.05820
2019-11-12,Tuesday 12 November 2019,OIL/GBP,44.09300
2019-11-13,Wednesday 13 November 2019,OIL/GBP,44.67090
2019-11-14,Thursday 14 November 2019,OIL/GBP,44.24560
2019-11-15,Friday 15 November 2019,OIL/GBP,44.96070
2019-11-16,Saturday 16 November 2019,OIL/GBP,44.96070
2019-11-17,Sunday 17 November 2019,OIL/GBP,44.76680
2019-11-18,Monday 18 November 2019,OIL/GBP,44.03810
2019-11-19,Tuesday 19 November 2019,OIL/GBP,42.81130
2019-11-20,Wednesday 20 November 2019,OIL/GBP,44.07040
2019-11-21,Thursday 21 November 2019,OIL/GBP,45.16600
2019-11-22,Friday 22 November 2019,OIL/GBP,45.16560
2019-11-23,Saturday 23 November 2019,OIL/GBP,45.16560
2019-11-24,Sunday 24 November 2019,OIL/GBP,45.14680
2019-11-25,Monday 25 November 2019,OIL/GBP,44.92730
2019-11-26,Tuesday 26 November 2019,OIL/GBP,45.28920
2019-11-27,Wednesday 27 November 2019,OIL/GBP,44.82550
2019-11-28,Thursday 28 November 2019,OIL/GBP,45.00030
2019-11-29,Friday 29 November 2019,OIL/GBP,42.87760
2019-11-30,Saturday 30 November 2019,OIL/GBP,42.87760
2019-12-01,Sunday 1 December 2019,OIL/GBP,43.23870
2019-12-02,Monday 2 December 2019,OIL/GBP,43.31580
2019-12-03,Tuesday 3 December 2019,OIL/GBP,43.40550
2019-12-04,Wednesday 4 December 2019,OIL/GBP,44.57420
2019-12-05,Thursday 5 December 2019,OIL/GBP,44.34370
2019-12-06,Friday 6 December 2019,OIL/GBP,45.00230
2019-12-07,Saturday 7 December 2019,OIL/GBP,45.00230
2019-12-08,Sunday 8 December 2019,OIL/GBP,44.88100
2019-12-09,Monday 9 December 2019,OIL/GBP,44.77990
2019-12-10,Tuesday 10 December 2019,OIL/GBP,44.99730
2019-12-11,Wednesday 11 December 2019,OIL/GBP,44.65480
2019-12-12,Thursday 12 December 2019,OIL/GBP,44.25120
2019-12-13,Friday 13 December 2019,OIL/GBP,44.83510
2019-12-14,Saturday 14 December 2019,OIL/GBP,44.83510
2019-12-15,Sunday 15 December 2019,OIL/GBP,44.75640
2019-12-16,Monday 16 December 2019,OIL/GBP,45.29950
2019-12-17,Tuesday 17 December 2019,OIL/GBP,46.11230
2019-12-18,Wednesday 18 December 2019,OIL/GBP,46.47760
2019-12-19,Thursday 19 December 2019,OIL/GBP,46.92120
2019-12-20,Friday 20 December 2019,OIL/GBP,46.38390
2019-12-21,Saturday 21 December 2019,OIL/GBP,46.38390
2019-12-22,Sunday 22 December 2019,OIL/GBP,46.47110
2019-12-23,Monday 23 December 2019,OIL/GBP,46.79860
2019-12-24,Tuesday 24 December 2019,OIL/GBP,47.27050
2019-12-25,Wednesday 25 December 2019,OIL/GBP,47.16660
2019-12-26,Thursday 26 December 2019,OIL/GBP,47.46420
2019-12-27,Friday 27 December 2019,OIL/GBP,47.16470
2019-12-28,Saturday 28 December 2019,OIL/GBP,47.18270
2019-12-29,Sunday 29 December 2019,OIL/GBP,47.13310
2019-12-30,Monday 30 December 2019,OIL/GBP,46.99720
2019-12-31,31/12/19,OIL/GBP,46.12800
